tempo,microglia,celula-iba1+,oligodendrocytes,citocinaPro,citocinaAnti,totalMicroglia
0.000,350.000,0.000,400.000,198.000,392.000,350.000
0.010,349.195,0.727,400.000,197.757,392.153,349.922
0.020,348.393,1.451,399.999,197.517,392.304,349.844
0.030,347.593,2.174,399.996,197.279,392.452,349.767
0.040,346.796,2.895,399.991,197.044,392.597,349.691
0.050,346.001,3.614,399.986,196.812,392.741,349.616
0.060,345.210,4.332,399.978,196.583,392.882,349.541
0.070,344.420,5.047,399.970,196.356,393.020,349.467
0.080,343.634,5.760,399.960,196.132,393.157,349.394
0.090,342.850,6.472,399.949,195.911,393.291,349.322
0.100,342.068,7.182,399.936,195.692,393.422,349.251
0.110,341.290,7.890,399.922,195.476,393.552,349.180
0.120,340.513,8.596,399.907,195.263,393.680,349.110
0.130,339.740,9.301,399.890,195.052,393.805,349.041
0.140,338.969,10.004,399.872,194.845,393.928,348.972
0.150,338.200,10.704,399.853,194.639,394.049,348.904
0.160,337.434,11.403,399.833,194.437,394.168,348.837
0.170,336.670,12.101,399.811,194.237,394.285,348.771
0.180,335.909,12.796,399.788,194.040,394.400,348.706
0.190,335.151,13.490,399.764,193.845,394.513,348.641
0.200,334.395,14.182,399.738,193.653,394.625,348.577
0.210,333.641,14.872,399.712,193.464,394.734,348.513
0.220,332.890,15.560,399.684,193.277,394.841,348.451
0.230,332.142,16.247,399.655,193.093,394.947,348.389
0.240,331.396,16.932,399.625,192.911,395.050,348.328
0.250,330.652,17.615,399.593,192.732,395.152,348.267
0.260,329.911,18.297,399.561,192.556,395.252,348.208
0.270,329.172,18.976,399.527,192.382,395.350,348.149
0.280,328.436,19.654,399.492,192.211,395.447,348.090
0.290,327.702,20.331,399.456,192.043,395.542,348.033
0.300,326.971,21.005,399.419,191.877,395.635,347.976
0.310,326.242,21.678,399.381,191.713,395.727,347.920
0.320,325.515,22.350,399.341,191.553,395.816,347.865
0.330,324.791,23.019,399.301,191.394,395.905,347.810
0.340,324.069,23.687,399.259,191.239,395.992,347.756
0.350,323.350,24.353,399.217,191.086,396.077,347.703
0.360,322.633,25.018,399.173,190.935,396.160,347.650
0.370,321.918,25.680,399.128,190.787,396.243,347.598
0.380,321.206,26.342,399.083,190.641,396.323,347.547
0.390,320.496,27.001,399.036,190.498,396.403,347.497
0.400,319.788,27.659,398.988,190.358,396.481,347.447
0.410,319.083,28.315,398.940,190.220,396.557,347.398
0.420,318.380,28.970,398.890,190.085,396.632,347.349
0.430,317.679,29.623,398.839,189.952,396.706,347.302
0.440,316.981,30.274,398.787,189.821,396.778,347.255
0.450,316.285,30.924,398.735,189.693,396.850,347.208
0.460,315.591,31.572,398.681,189.568,396.920,347.163
0.470,314.900,32.218,398.626,189.445,396.988,347.118
0.480,314.210,32.863,398.571,189.324,397.056,347.073
0.490,313.523,33.506,398.514,189.206,397.122,347.030
0.500,312.839,34.148,398.457,189.091,397.187,346.987
0.510,312.156,34.788,398.399,188.978,397.251,346.945
0.520,311.476,35.427,398.339,188.867,397.314,346.903
0.530,310.798,36.064,398.279,188.759,397.376,346.862
0.540,310.123,36.699,398.218,188.653,397.436,346.822
0.550,309.449,37.333,398.156,188.550,397.496,346.782
0.560,308.778,37.965,398.094,188.449,397.554,346.743
0.570,308.109,38.596,398.030,188.351,397.612,346.705
0.580,307.443,39.225,397.966,188.255,397.668,346.667
0.590,306.778,39.852,397.900,188.161,397.724,346.630
0.600,306.116,40.478,397.834,188.070,397.779,346.594
0.610,305.455,41.103,397.767,187.981,397.832,346.558
0.620,304.797,41.726,397.700,187.895,397.885,346.523
0.630,304.142,42.347,397.631,187.811,397.937,346.489
0.640,303.488,42.967,397.562,187.729,397.988,346.455
0.650,302.836,43.586,397.491,187.650,398.039,346.422
0.660,302.187,44.203,397.420,187.573,398.088,346.390
0.670,301.540,44.818,397.349,187.499,398.137,346.358
0.680,300.895,45.432,397.276,187.427,398.185,346.327
0.690,300.252,46.044,397.203,187.357,398.232,346.296
0.700,299.611,46.655,397.129,187.290,398.279,346.266
0.710,298.972,47.265,397.054,187.225,398.324,346.237
0.720,298.336,47.873,396.979,187.162,398.370,346.208
0.730,297.701,48.479,396.902,187.102,398.414,346.180
0.740,297.069,49.084,396.825,187.044,398.458,346.153
0.750,296.438,49.688,396.748,186.988,398.501,346.126
0.760,295.810,50.290,396.669,186.935,398.544,346.100
0.770,295.184,50.891,396.590,186.884,398.586,346.075
0.780,294.560,51.490,396.510,186.835,398.627,346.050
0.790,293.938,52.088,396.430,186.789,398.668,346.025
0.800,293.318,52.684,396.349,186.745,398.708,346.002
0.810,292.700,53.279,396.267,186.703,398.748,345.979
0.820,292.084,53.872,396.184,186.664,398.788,345.956
0.830,291.470,54.464,396.101,186.627,398.827,345.934
0.840,290.858,55.055,396.017,186.592,398.865,345.913
0.850,290.248,55.644,395.933,186.559,398.904,345.892
0.860,289.641,56.232,395.848,186.529,398.941,345.872
0.870,289.035,56.818,395.762,186.501,398.979,345.853
0.880,288.431,57.403,395.676,186.475,399.016,345.834
0.890,287.829,57.987,395.589,186.452,399.052,345.816
0.900,287.229,58.569,395.501,186.430,399.089,345.798
0.910,286.631,59.150,395.413,186.411,399.125,345.781
0.920,286.036,59.729,395.324,186.395,399.161,345.765
0.930,285.442,60.307,395.234,186.380,399.196,345.749
0.940,284.850,60.884,395.144,186.368,399.232,345.734
0.950,284.260,61.459,395.054,186.358,399.267,345.719
0.960,283.672,62.033,394.963,186.350,399.302,345.705
0.970,283.086,62.606,394.871,186.344,399.336,345.691
0.980,282.501,63.177,394.779,186.341,399.371,345.678
0.990,281.919,63.747,394.686,186.340,399.405,345.666
1.000,281.339,64.315,394.592,186.341,399.439,345.654
1.010,280.760,64.883,394.498,186.344,399.473,345.643
1.020,280.184,65.448,394.404,186.349,399.507,345.632
1.030,279.609,66.013,394.309,186.357,399.541,345.622
1.040,279.037,66.576,394.213,186.366,399.575,345.613
1.050,278.466,67.138,394.117,186.378,399.609,345.604
1.060,277.897,67.699,394.021,186.392,399.643,345.595
1.070,277.330,68.258,393.924,186.409,399.677,345.588
1.080,276.765,68.816,393.826,186.427,399.710,345.580
1.090,276.201,69.372,393.728,186.448,399.744,345.574
1.100,275.640,69.928,393.629,186.470,399.778,345.567
1.110,275.080,70.482,393.530,186.495,399.812,345.562
1.120,274.522,71.034,393.430,186.522,399.846,345.557
1.130,273.966,71.586,393.330,186.551,399.880,345.552
1.140,273.412,72.136,393.230,186.583,399.914,345.548
1.150,272.860,72.685,393.129,186.616,399.949,345.545
1.160,272.310,73.232,393.027,186.651,399.983,345.542
1.170,271.761,73.779,392.925,186.689,400.018,345.540
1.180,271.214,74.324,392.823,186.729,400.052,345.538
1.190,270.669,74.868,392.720,186.771,400.087,345.537
1.200,270.126,75.410,392.617,186.815,400.123,345.536
1.210,269.585,75.951,392.513,186.861,400.158,345.536
1.220,269.045,76.491,392.409,186.909,400.194,345.536
1.230,268.507,77.030,392.305,186.959,400.229,345.537
1.240,267.971,77.568,392.200,187.011,400.266,345.539
1.250,267.437,78.104,392.094,187.066,400.302,345.541
1.260,266.904,78.639,391.988,187.122,400.339,345.543
1.270,266.373,79.173,391.882,187.180,400.376,345.546
1.280,265.844,79.705,391.775,187.241,400.413,345.550
1.290,265.317,80.237,391.668,187.304,400.451,345.554
1.300,264.792,80.767,391.561,187.368,400.489,345.558
1.310,264.268,81.296,391.453,187.435,400.527,345.564
1.320,263.746,81.824,391.345,187.504,400.566,345.569
1.330,263.225,82.350,391.236,187.574,400.605,345.575
1.340,262.707,82.875,391.127,187.647,400.645,345.582
1.350,262.190,83.399,391.018,187.722,400.685,345.589
1.360,261.674,83.922,390.908,187.799,400.726,345.597
1.370,261.161,84.444,390.798,187.878,400.767,345.605
1.380,260.649,84.965,390.688,187.959,400.808,345.614
1.390,260.139,85.484,390.577,188.041,400.850,345.623
1.400,259.631,86.002,390.466,188.126,400.893,345.633
1.410,259.124,86.519,390.354,188.213,400.936,345.643
1.420,258.619,87.035,390.242,188.302,400.979,345.653
1.430,258.115,87.549,390.130,188.393,401.023,345.665
1.440,257.613,88.063,390.018,188.486,401.068,345.676
1.450,257.113,88.575,389.905,188.580,401.113,345.688
1.460,256.615,89.086,389.791,188.677,401.159,345.701
1.470,256.118,89.596,389.678,188.776,401.205,345.714
1.480,255.623,90.105,389.564,188.877,401.252,345.728
1.490,255.129,90.613,389.450,188.979,401.300,345.742
1.500,254.637,91.119,389.336,189.084,401.348,345.757
1.510,254.147,91.625,389.221,189.190,401.397,345.772
1.520,253.658,92.129,389.106,189.299,401.447,345.787
1.530,253.171,92.632,388.990,189.409,401.497,345.803
1.540,252.686,93.134,388.875,189.521,401.548,345.820
1.550,252.202,93.635,388.759,189.636,401.599,345.837
1.560,251.720,94.135,388.642,189.752,401.652,345.854
1.570,251.239,94.633,388.526,189.870,401.705,345.872
1.580,250.760,95.131,388.409,189.990,401.759,345.891
1.590,250.282,95.627,388.292,190.112,401.813,345.910
1.600,249.806,96.123,388.175,190.236,401.869,345.929
1.610,249.332,96.617,388.057,190.361,401.925,345.949
1.620,248.859,97.110,387.939,190.489,401.982,345.969
1.630,248.388,97.602,387.821,190.619,402.039,345.990
1.640,247.918,98.093,387.702,190.750,402.098,346.011
1.650,247.450,98.583,387.584,190.883,402.157,346.033
1.660,246.984,99.071,387.465,191.018,402.218,346.055
1.670,246.519,99.559,387.345,191.155,402.279,346.077
1.680,246.055,100.045,387.226,191.294,402.341,346.100
1.690,245.593,100.531,387.106,191.435,402.403,346.124
1.700,245.133,101.015,386.986,191.578,402.467,346.148
1.710,244.674,101.499,386.866,191.722,402.532,346.172
1.720,244.216,101.981,386.746,191.868,402.597,346.197
1.730,243.760,102.462,386.625,192.016,402.664,346.222
1.740,243.306,102.942,386.504,192.166,402.731,346.248
1.750,242.853,103.421,386.383,192.318,402.799,346.274
1.760,242.402,103.899,386.262,192.472,402.868,346.301
1.770,241.952,104.376,386.140,192.627,402.939,346.328
1.780,241.503,104.852,386.018,192.784,403.010,346.355
1.790,241.056,105.327,385.896,192.943,403.082,346.383
1.800,240.611,105.801,385.774,193.104,403.155,346.411
1.810,240.167,106.273,385.652,193.267,403.229,346.440
1.820,239.724,106.745,385.529,193.431,403.304,346.469
1.830,239.283,107.216,385.406,193.598,403.381,346.499
1.840,238.844,107.686,385.283,193.766,403.458,346.529
1.850,238.405,108.154,385.160,193.936,403.536,346.560
1.860,237.969,108.622,385.037,194.107,403.616,346.590
1.870,237.533,109.088,384.913,194.281,403.696,346.622
1.880,237.099,109.554,384.789,194.456,403.777,346.653
1.890,236.667,110.019,384.665,194.633,403.860,346.686
1.900,236.236,110.482,384.541,194.811,403.944,346.718
1.910,235.806,110.945,384.417,194.992,404.029,346.751
1.920,235.378,111.406,384.292,195.174,404.115,346.785
1.930,234.952,111.867,384.167,195.358,404.202,346.818
1.940,234.526,112.326,384.042,195.544,404.290,346.853
1.950,234.102,112.785,383.917,195.731,404.379,346.887
1.960,233.680,113.242,383.792,195.920,404.470,346.922
1.970,233.259,113.699,383.667,196.111,404.561,346.958
1.980,232.839,114.155,383.541,196.304,404.654,346.993
1.990,232.420,114.609,383.415,196.498,404.748,347.030
2.000,232.003,115.063,383.290,196.694,404.843,347.066
2.010,231.588,115.515,383.164,196.892,404.940,347.103
2.020,231.174,115.967,383.037,197.091,405.038,347.141
2.030,230.761,116.418,382.911,197.292,405.136,347.179
2.040,230.349,116.868,382.784,197.495,405.237,347.217
2.050,229.939,117.316,382.658,197.700,405.338,347.255
2.060,229.530,117.764,382.531,197.906,405.441,347.294
2.070,229.123,118.211,382.404,198.114,405.544,347.334
2.080,228.717,118.657,382.277,198.323,405.650,347.374
2.090,228.312,119.102,382.150,198.535,405.756,347.414
2.100,227.909,119.546,382.022,198.748,405.864,347.454
2.110,227.506,119.989,381.895,198.962,405.973,347.495
2.120,227.106,120.431,381.767,199.178,406.083,347.536
2.130,226.706,120.872,381.640,199.396,406.195,347.578
2.140,226.308,121.312,381.512,199.616,406.308,347.620
2.150,225.911,121.751,381.384,199.837,406.422,347.663
2.160,225.516,122.190,381.256,200.060,406.537,347.705
2.170,225.122,122.627,381.127,200.284,406.654,347.749
2.180,224.729,123.063,380.999,200.511,406.773,347.792
2.190,224.337,123.499,380.870,200.738,406.892,347.836
2.200,223.947,123.934,380.742,200.968,407.013,347.880
2.210,223.558,124.367,380.613,201.199,407.136,347.925
2.220,223.170,124.800,380.484,201.431,407.259,347.970
2.230,222.784,125.232,380.355,201.665,407.385,348.015
2.240,222.398,125.663,380.226,201.901,407.511,348.061
2.250,222.014,126.093,380.097,202.139,407.639,348.107
2.260,221.632,126.522,379.968,202.378,407.769,348.154
2.270,221.250,126.950,379.839,202.618,407.899,348.200
2.280,220.870,127.377,379.709,202.861,408.032,348.248
2.290,220.491,127.804,379.580,203.104,408.165,348.295
2.300,220.114,128.229,379.450,203.350,408.300,348.343
2.310,219.737,128.654,379.320,203.597,408.437,348.391
2.320,219.362,129.078,379.190,203.845,408.575,348.440
2.330,218.988,129.500,379.060,204.095,408.715,348.489
2.340,218.616,129.922,378.930,204.347,408.856,348.538
2.350,218.244,130.343,378.800,204.600,408.998,348.588
2.360,217.874,130.764,378.670,204.855,409.142,348.638
2.370,217.505,131.183,378.540,205.111,409.287,348.688
2.380,217.137,131.601,378.409,205.369,409.434,348.739
2.390,216.771,132.019,378.279,205.628,409.583,348.790
2.400,216.405,132.435,378.148,205.889,409.733,348.841
2.410,216.041,132.851,378.018,206.152,409.884,348.892
2.420,215.678,133.266,377.887,206.416,410.037,348.944
2.430,215.317,133.680,377.756,206.681,410.192,348.997
2.440,214.956,134.093,377.626,206.948,410.348,349.049
2.450,214.597,134.506,377.495,207.217,410.506,349.102
2.460,214.239,134.917,377.364,207.487,410.665,349.156
2.470,213.882,135.328,377.233,207.759,410.826,349.209
2.480,213.526,135.738,377.102,208.032,410.988,349.263
2.490,213.171,136.146,376.971,208.306,411.152,349.318
2.500,212.818,136.555,376.839,208.582,411.317,349.372
2.510,212.465,136.962,376.708,208.860,411.484,349.427
2.520,212.114,137.368,376.577,209.139,411.653,349.482
2.530,211.764,137.774,376.445,209.419,411.823,349.538
2.540,211.415,138.178,376.314,209.701,411.995,349.594
2.550,211.068,138.582,376.182,209.985,412.168,349.650
2.560,210.721,138.985,376.051,210.270,412.344,349.706
2.570,210.376,139.387,375.919,210.556,412.520,349.763
2.580,210.032,139.789,375.787,210.844,412.699,349.820
2.590,209.688,140.189,375.656,211.133,412.878,349.878
2.600,209.347,140.589,375.524,211.424,413.060,349.936
2.610,209.006,140.988,375.392,211.716,413.243,349.994
2.620,208.666,141.386,375.260,212.010,413.428,350.052
2.630,208.327,141.783,375.128,212.305,413.615,350.111
2.640,207.990,142.180,374.996,212.601,413.803,350.169
2.650,207.654,142.575,374.864,212.899,413.993,350.229
2.660,207.318,142.970,374.732,213.199,414.184,350.288
2.670,206.984,143.364,374.600,213.500,414.378,350.348
2.680,206.651,143.757,374.468,213.802,414.572,350.408
2.690,206.319,144.150,374.336,214.105,414.769,350.469
2.700,205.988,144.541,374.204,214.410,414.967,350.529
2.710,205.658,144.932,374.072,214.717,415.167,350.590
2.720,205.330,145.322,373.939,215.025,415.369,350.652
2.730,205.002,145.711,373.807,215.334,415.572,350.713
2.740,204.676,146.100,373.675,215.645,415.777,350.775
2.750,204.350,146.487,373.542,215.957,415.984,350.837
2.760,204.026,146.874,373.410,216.270,416.193,350.900
2.770,203.703,147.260,373.278,216.585,416.403,350.963
2.780,203.380,147.645,373.145,216.901,416.615,351.026
2.790,203.059,148.030,373.013,217.218,416.829,351.089
2.800,202.739,148.413,372.880,217.537,417.044,351.152
2.810,202.420,148.796,372.748,217.857,417.261,351.216
2.820,202.102,149.178,372.615,218.179,417.480,351.280
2.830,201.785,149.560,372.483,218.502,417.701,351.345
2.840,201.469,149.940,372.350,218.826,417.923,351.410
2.850,201.154,150.320,372.218,219.152,418.147,351.474
2.860,200.841,150.699,372.085,219.479,418.373,351.540
2.870,200.528,151.077,371.952,219.807,418.601,351.605
2.880,200.216,151.455,371.820,220.137,418.831,351.671
2.890,199.905,151.832,371.687,220.468,419.062,351.737
2.900,199.596,152.207,371.554,220.800,419.295,351.803
2.910,199.287,152.583,371.422,221.134,419.530,351.870
2.920,198.979,152.957,371.289,221.469,419.767,351.937
2.930,198.673,153.331,371.156,221.805,420.005,352.004
2.940,198.367,153.704,371.024,222.143,420.245,352.071
2.950,198.063,154.076,370.891,222.482,420.487,352.139
2.960,197.759,154.447,370.758,222.822,420.731,352.206
2.970,197.456,154.818,370.626,223.163,420.977,352.275
2.980,197.155,155.188,370.493,223.506,421.224,352.343
2.990,196.854,155.557,370.360,223.850,421.474,352.411
3.000,196.555,155.926,370.227,224.196,421.725,352.480
3.010,196.256,156.294,370.095,224.542,421.978,352.549
3.020,195.958,156.661,369.962,224.890,422.232,352.619
3.030,195.662,157.027,369.829,225.239,422.489,352.688
3.040,195.366,157.392,369.696,225.590,422.747,352.758
3.050,195.071,157.757,369.564,225.942,423.008,352.828
3.060,194.777,158.121,369.431,226.295,423.270,352.899
3.070,194.485,158.484,369.298,226.649,423.534,352.969
3.080,194.193,158.847,369.166,227.004,423.800,353.040
3.090,193.902,159.209,369.033,227.361,424.067,353.111
3.100,193.612,159.570,368.900,227.719,424.337,353.182
3.110,193.323,159.931,368.767,228.078,424.608,353.254
3.120,193.035,160.290,368.635,228.439,424.881,353.326
3.130,192.748,160.649,368.502,228.800,425.156,353.398
3.140,192.462,161.008,368.369,229.163,425.433,353.470
3.150,192.177,161.365,368.237,229.527,425.712,353.542
3.160,191.893,161.722,368.104,229.893,425.993,353.615
3.170,191.610,162.078,367.971,230.259,426.275,353.688
3.180,191.327,162.434,367.839,230.627,426.560,353.761
3.190,191.046,162.788,367.706,230.996,426.846,353.834
3.200,190.766,163.142,367.573,231.367,427.134,353.908
3.210,190.486,163.496,367.441,231.738,427.425,353.982
3.220,190.207,163.848,367.308,232.111,427.717,354.056
3.230,189.930,164.200,367.176,232.484,428.010,354.130
3.240,189.653,164.552,367.043,232.859,428.306,354.204
3.250,189.377,164.902,366.911,233.236,428.604,354.279
3.260,189.102,165.252,366.778,233.613,428.904,354.354
3.270,188.828,165.601,366.646,233.992,429.205,354.429
3.280,188.555,165.950,366.513,234.371,429.508,354.505
3.290,188.283,166.297,366.381,234.752,429.814,354.580
3.300,188.011,166.644,366.248,235.134,430.121,354.656
3.310,187.741,166.991,366.116,235.518,430.430,354.732
3.320,187.471,167.337,365.983,235.902,430.741,354.808
3.330,187.203,167.682,365.851,236.288,431.054,354.884
3.340,186.935,168.026,365.719,236.674,431.369,354.961
3.350,186.668,168.370,365.586,237.062,431.686,355.038
3.360,186.402,168.713,365.454,237.451,432.004,355.115
3.370,186.137,169.055,365.322,237.841,432.325,355.192
3.380,185.873,169.397,365.190,238.232,432.648,355.269
3.390,185.609,169.738,365.057,238.625,432.972,355.347
3.400,185.347,170.078,364.925,239.018,433.299,355.425
3.410,185.085,170.417,364.793,239.413,433.627,355.503
3.420,184.824,170.756,364.661,239.809,433.957,355.581
3.430,184.564,171.095,364.529,240.206,434.290,355.659
3.440,184.305,171.432,364.397,240.604,434.624,355.738
3.450,184.047,171.769,364.265,241.003,434.960,355.817
3.460,183.790,172.106,364.133,241.403,435.298,355.896
3.470,183.533,172.441,364.001,241.804,435.638,355.975
3.480,183.278,172.776,363.869,242.207,435.980,356.054
3.490,183.023,173.111,363.737,242.610,436.324,356.134
3.500,182.769,173.444,363.605,243.015,436.670,356.213
3.510,182.516,173.777,363.473,243.421,437.017,356.293
3.520,182.263,174.110,363.341,243.827,437.367,356.373
3.530,182.012,174.442,363.210,244.235,437.719,356.454
3.540,181.761,174.773,363.078,244.644,438.073,356.534
3.550,181.512,175.103,362.946,245.054,438.428,356.615
3.560,181.263,175.433,362.814,245.465,438.786,356.695
3.570,181.014,175.762,362.683,245.877,439.145,356.776
3.580,180.767,176.091,362.551,246.291,439.507,356.858
3.590,180.521,176.418,362.420,246.705,439.870,356.939
3.600,180.275,176.746,362.288,247.120,440.236,357.020
3.610,180.030,177.072,362.157,247.537,440.603,357.102
3.620,179.786,177.398,362.025,247.954,440.973,357.184
3.630,179.542,177.723,361.894,248.372,441.344,357.266
3.640,179.300,178.048,361.762,248.792,441.717,357.348
3.650,179.058,178.372,361.631,249.212,442.092,357.430
3.660,178.817,178.696,361.500,249.634,442.470,357.513
3.670,178.577,179.018,361.369,250.057,442.849,357.596
3.680,178.338,179.341,361.237,250.480,443.230,357.679
3.690,178.100,179.662,361.106,250.905,443.613,357.762
3.700,177.862,179.983,360.975,251.330,443.998,357.845
3.710,177.625,180.303,360.844,251.757,444.386,357.928
3.720,177.389,180.623,360.713,252.185,444.775,358.012
3.730,177.153,180.942,360.582,252.613,445.166,358.095
3.740,176.919,181.260,360.451,253.043,445.559,358.179
3.750,176.685,181.578,360.320,253.474,445.954,358.263
3.760,176.452,181.895,360.190,253.905,446.351,358.347
3.770,176.219,182.212,360.059,254.338,446.750,358.431
3.780,175.988,182.528,359.928,254.772,447.151,358.516
3.790,175.757,182.843,359.797,255.206,447.554,358.600
3.800,175.527,183.158,359.667,255.642,447.959,358.685
3.810,175.298,183.472,359.536,256.079,448.366,358.770
3.820,175.069,183.786,359.406,256.516,448.774,358.855
3.830,174.842,184.098,359.275,256.955,449.185,358.940
3.840,174.615,184.411,359.145,257.394,449.598,359.026
3.850,174.389,184.722,359.014,257.835,450.013,359.111
3.860,174.163,185.034,358.884,258.276,450.430,359.197
3.870,173.938,185.344,358.754,258.718,450.849,359.282
3.880,173.714,185.654,358.623,259.162,451.270,359.368
3.890,173.491,185.963,358.493,259.606,451.692,359.454
3.900,173.269,186.272,358.363,260.051,452.117,359.540
3.910,173.047,186.580,358.233,260.497,452.544,359.627
3.920,172.826,186.888,358.103,260.944,452.973,359.713
3.930,172.605,187.194,357.973,261.392,453.404,359.800
3.940,172.386,187.501,357.843,261.841,453.836,359.887
3.950,172.167,187.806,357.713,262.291,454.271,359.973
3.960,171.949,188.112,357.584,262.742,454.708,360.060
3.970,171.731,188.416,357.454,263.194,455.146,360.147
3.980,171.515,188.720,357.324,263.646,455.587,360.235
3.990,171.299,189.023,357.194,264.100,456.030,360.322
4.000,171.083,189.326,357.065,264.554,456.475,360.410
4.010,170.869,189.628,356.935,265.010,456.921,360.497
4.020,170.655,189.930,356.806,265.466,457.370,360.585
4.030,170.442,190.231,356.676,265.923,457.821,360.673
4.040,170.229,190.532,356.547,266.381,458.273,360.761
4.050,170.018,190.831,356.418,266.840,458.728,360.849
4.060,169.806,191.131,356.289,267.300,459.184,360.937
4.070,169.596,191.429,356.159,267.761,459.643,361.026
4.080,169.386,191.728,356.030,268.222,460.104,361.114
4.090,169.177,192.025,355.901,268.685,460.566,361.203
4.100,168.969,192.322,355.772,269.148,461.031,361.291
4.110,168.762,192.619,355.643,269.612,461.497,361.380
4.120,168.555,192.914,355.514,270.077,461.966,361.469
4.130,168.348,193.210,355.385,270.543,462.436,361.558
4.140,168.143,193.504,355.257,271.010,462.909,361.647
4.150,167.938,193.799,355.128,271.478,463.383,361.737
4.160,167.734,194.092,354.999,271.946,463.860,361.826
4.170,167.530,194.385,354.871,272.416,464.338,361.915
4.180,167.327,194.678,354.742,272.886,464.819,362.005
4.190,167.125,194.969,354.614,273.357,465.301,362.095
4.200,166.924,195.261,354.485,273.829,465.786,362.185
4.210,166.723,195.552,354.357,274.302,466.272,362.274
4.220,166.523,195.842,354.229,274.775,466.761,362.364
4.230,166.323,196.131,354.101,275.250,467.251,362.455
4.240,166.124,196.421,353.972,275.725,467.743,362.545
4.250,165.926,196.709,353.844,276.201,468.238,362.635
4.260,165.729,196.997,353.716,276.678,468.734,362.726
4.270,165.532,197.284,353.588,277.155,469.232,362.816
4.280,165.335,197.571,353.460,277.634,469.733,362.907
4.290,165.140,197.858,353.333,278.113,470.235,362.997
4.300,164.945,198.143,353.205,278.593,470.739,363.088
4.310,164.751,198.429,353.077,279.074,471.245,363.179
4.320,164.557,198.713,352.949,279.556,471.754,363.270
4.330,164.364,198.997,352.822,280.038,472.264,363.361
4.340,164.171,199.281,352.694,280.522,472.776,363.452
4.350,163.980,199.564,352.567,281.006,473.290,363.544
4.360,163.789,199.847,352.440,281.491,473.806,363.635
4.370,163.598,200.129,352.312,281.976,474.324,363.727
4.380,163.408,200.410,352.185,282.463,474.844,363.818
4.390,163.219,200.691,352.058,282.950,475.366,363.910
4.400,163.030,200.971,351.931,283.438,475.890,364.001
4.410,162.842,201.251,351.804,283.927,476.416,364.093
4.420,162.655,201.530,351.677,284.416,476.944,364.185
4.430,162.468,201.809,351.550,284.906,477.474,364.277
4.440,162.282,202.087,351.423,285.397,478.006,364.369
4.450,162.096,202.365,351.296,285.889,478.540,364.461
4.460,161.912,202.642,351.170,286.382,479.075,364.553
4.470,161.727,202.918,351.043,286.875,479.613,364.646
4.480,161.544,203.194,350.916,287.369,480.153,364.738
4.490,161.360,203.470,350.790,287.864,480.695,364.830
4.500,161.178,203.745,350.663,288.359,481.238,364.923
4.510,160.996,204.019,350.537,288.855,481.784,365.016
4.520,160.815,204.293,350.411,289.352,482.331,365.108
4.530,160.634,204.567,350.285,289.850,482.881,365.201
4.540,160.454,204.840,350.158,290.348,483.432,365.294
4.550,160.274,205.112,350.032,290.848,483.986,365.387
4.560,160.096,205.384,349.906,291.348,484.541,365.479
4.570,159.917,205.655,349.780,291.848,485.098,365.572
4.580,159.740,205.926,349.655,292.349,485.658,365.666
4.590,159.562,206.196,349.529,292.851,486.219,365.759
4.600,159.386,206.466,349.403,293.354,486.782,365.852
4.610,159.210,206.735,349.277,293.858,487.347,365.945
4.620,159.034,207.004,349.152,294.362,487.914,366.038
4.630,158.860,207.272,349.026,294.866,488.483,366.132
4.640,158.685,207.540,348.901,295.372,489.054,366.225
4.650,158.512,207.807,348.775,295.878,489.627,366.319
4.660,158.339,208.074,348.650,296.385,490.201,366.412
4.670,158.166,208.340,348.525,296.893,490.778,366.506
4.680,157.994,208.605,348.400,297.401,491.357,366.600
4.690,157.823,208.871,348.275,297.910,491.937,366.693
4.700,157.652,209.135,348.150,298.419,492.520,366.787
4.710,157.482,209.399,348.025,298.930,493.104,366.881
4.720,157.312,209.663,347.900,299.441,493.691,366.975
4.730,157.143,209.926,347.775,299.952,494.279,367.069
4.740,156.974,210.188,347.650,300.464,494.869,367.163
4.750,156.806,210.451,347.526,300.977,495.461,367.257
4.760,156.639,210.712,347.401,301.491,496.055,367.351
4.770,156.472,210.973,347.277,302.005,496.651,367.445
4.780,156.306,211.234,347.152,302.520,497.249,367.539
4.790,156.140,211.494,347.028,303.035,497.849,367.634
4.800,155.975,211.753,346.904,303.552,498.451,367.728
4.810,155.810,212.012,346.780,304.068,499.054,367.822
4.820,155.646,212.271,346.655,304.586,499.660,367.917
4.830,155.482,212.529,346.531,305.104,500.267,368.011
4.840,155.319,212.787,346.407,305.623,500.877,368.105
4.850,155.156,213.044,346.283,306.142,501.488,368.200
4.860,154.994,213.300,346.160,306.662,502.101,368.295
4.870,154.833,213.556,346.036,307.182,502.716,368.389
4.880,154.672,213.812,345.912,307.704,503.333,368.484
4.890,154.512,214.067,345.789,308.225,503.952,368.578
4.900,154.352,214.321,345.665,308.748,504.573,368.673
4.910,154.192,214.576,345.542,309.271,505.196,368.768
4.920,154.033,214.829,345.418,309.795,505.820,368.863
4.930,153.875,215.082,345.295,310.319,506.446,368.957
4.940,153.717,215.335,345.172,310.844,507.075,369.052
4.950,153.560,215.587,345.049,311.369,507.705,369.147
4.960,153.403,215.839,344.926,311.895,508.337,369.242
4.970,153.247,216.090,344.803,312.422,508.971,369.337
4.980,153.091,216.340,344.680,312.949,509.607,369.432
4.990,152.936,216.591,344.557,313.477,510.245,369.527
5.000,152.781,216.840,344.434,314.005,510.884,369.622
5.010,152.627,217.090,344.311,314.534,511.526,369.717
5.020,152.474,217.338,344.189,315.063,512.169,369.812
5.030,152.320,217.587,344.066,315.593,512.814,369.907
5.040,152.168,217.834,343.944,316.124,513.461,370.002
5.050,152.016,218.082,343.822,316.655,514.110,370.097
5.060,151.864,218.328,343.699,317.187,514.761,370.192
5.070,151.713,218.575,343.577,317.719,515.414,370.288
5.080,151.562,218.821,343.455,318.252,516.068,370.383
5.090,151.412,219.066,343.333,318.786,516.724,370.478
5.100,151.262,219.311,343.211,319.320,517.383,370.573
5.110,151.113,219.555,343.089,319.854,518.043,370.669
5.120,150.965,219.799,342.967,320.389,518.705,370.764
5.130,150.816,220.043,342.845,320.925,519.368,370.859
5.140,150.669,220.286,342.724,321.461,520.034,370.954
5.150,150.521,220.528,342.602,321.998,520.701,371.050
5.160,150.375,220.770,342.481,322.535,521.371,371.145
5.170,150.229,221.012,342.359,323.073,522.042,371.241
5.180,150.083,221.253,342.238,323.611,522.715,371.336
5.190,149.937,221.494,342.117,324.150,523.389,371.431
5.200,149.793,221.734,341.995,324.689,524.066,371.527
5.210,149.648,221.974,341.874,325.229,524.744,371.622
5.220,149.505,222.213,341.753,325.769,525.425,371.717
5.230,149.361,222.452,341.632,326.310,526.107,371.813
5.240,149.218,222.690,341.511,326.852,526.790,371.908
5.250,149.076,222.928,341.391,327.393,527.476,372.004
5.260,148.934,223.165,341.270,327.936,528.164,372.099
5.270,148.792,223.402,341.149,328.479,528.853,372.195
5.280,148.651,223.639,341.029,329.022,529.544,372.290
5.290,148.511,223.875,340.908,329.566,530.237,372.385
5.300,148.371,224.110,340.788,330.110,530.932,372.481
5.310,148.231,224.345,340.668,330.655,531.628,372.576
5.320,148.092,224.580,340.547,331.201,532.326,372.672
5.330,147.953,224.814,340.427,331.746,533.027,372.767
5.340,147.815,225.048,340.307,332.293,533.728,372.863
5.350,147.677,225.281,340.187,332.839,534.432,372.958
5.360,147.540,225.514,340.067,333.387,535.138,373.054
5.370,147.403,225.746,339.947,333.934,535.845,373.149
5.380,147.267,225.978,339.828,334.483,536.554,373.244
5.390,147.131,226.209,339.708,335.031,537.265,373.340
5.400,146.995,226.440,339.588,335.580,537.977,373.435
5.410,146.860,226.671,339.469,336.130,538.692,373.531
5.420,146.725,226.901,339.349,336.680,539.408,373.626
5.430,146.591,227.130,339.230,337.230,540.126,373.721
5.440,146.457,227.359,339.111,337.781,540.845,373.817
5.450,146.324,227.588,338.992,338.333,541.567,373.912
5.460,146.191,227.816,338.873,338.885,542.290,374.008
5.470,146.059,228.044,338.754,339.437,543.015,374.103
5.480,145.927,228.271,338.635,339.990,543.742,374.198
5.490,145.795,228.498,338.516,340.543,544.470,374.294
5.500,145.664,228.725,338.397,341.096,545.200,374.389
5.510,145.533,228.951,338.278,341.650,545.932,374.484
5.520,145.403,229.176,338.160,342.205,546.666,374.579
5.530,145.273,229.401,338.041,342.760,547.401,374.675
5.540,145.144,229.626,337.923,343.315,548.139,374.770
5.550,145.015,229.850,337.804,343.870,548.877,374.865
5.560,144.886,230.074,337.686,344.427,549.618,374.960
5.570,144.758,230.297,337.568,344.983,550.360,375.056
5.580,144.631,230.520,337.450,345.540,551.104,375.151
5.590,144.503,230.743,337.332,346.097,551.850,375.246
5.600,144.376,230.965,337.214,346.655,552.598,375.341
5.610,144.250,231.186,337.096,347.213,553.347,375.436
5.620,144.124,231.407,336.978,347.772,554.098,375.531
5.630,143.998,231.628,336.860,348.331,554.851,375.626
5.640,143.873,231.848,336.743,348.890,555.605,375.721
5.650,143.748,232.068,336.625,349.450,556.361,375.816
5.660,143.624,232.287,336.508,350.010,557.119,375.911
5.670,143.500,232.506,336.390,350.570,557.878,376.006
5.680,143.377,232.725,336.273,351.131,558.639,376.101
5.690,143.253,232.943,336.156,351.693,559.402,376.196
5.700,143.131,233.160,336.039,352.254,560.167,376.291
5.710,143.008,233.377,335.922,352.816,560.933,376.386
5.720,142.886,233.594,335.805,353.379,561.701,376.481
5.730,142.765,233.810,335.688,353.941,562.470,376.575
5.740,142.644,234.026,335.571,354.505,563.242,376.670
5.750,142.523,234.242,335.454,355.068,564.015,376.765
5.760,142.403,234.457,335.338,355.632,564.789,376.859
5.770,142.283,234.671,335.221,356.196,565.565,376.954
5.780,142.163,234.885,335.104,356.761,566.343,377.049
5.790,142.044,235.099,334.988,357.326,567.123,377.143
5.800,141.925,235.312,334.872,357.891,567.904,377.238
5.810,141.807,235.525,334.756,358.457,568.687,377.332
5.820,141.689,235.738,334.639,359.023,569.471,377.427
5.830,141.571,235.950,334.523,359.589,570.258,377.521
5.840,141.454,236.161,334.407,360.155,571.045,377.616
5.850,141.337,236.372,334.292,360.722,571.835,377.710
5.860,141.221,236.583,334.176,361.290,572.626,377.804
5.870,141.105,236.793,334.060,361.857,573.419,377.898
5.880,140.989,237.003,333.944,362.425,574.213,377.993
5.890,140.874,237.213,333.829,362.994,575.009,378.087
5.900,140.759,237.422,333.713,363.562,575.807,378.181
5.910,140.645,237.630,333.598,364.131,576.606,378.275
5.920,140.531,237.838,333.483,364.700,577.407,378.369
5.930,140.417,238.046,333.367,365.270,578.209,378.463
5.940,140.303,238.253,333.252,365.840,579.013,378.557
5.950,140.190,238.460,333.137,366.410,579.819,378.651
5.960,140.078,238.667,333.022,366.981,580.626,378.745
5.970,139.966,238.873,332.907,367.551,581.435,378.838
5.980,139.854,239.079,332.793,368.123,582.246,378.932
5.990,139.742,239.284,332.678,368.694,583.058,379.026
6.000,139.631,239.489,332.563,369.266,583.872,379.120
6.010,139.520,239.693,332.449,369.838,584.687,379.213
6.020,139.410,239.897,332.334,370.410,585.504,379.307
6.030,139.300,240.100,332.220,370.983,586.322,379.400
6.040,139.190,240.304,332.106,371.555,587.142,379.494
6.050,139.081,240.506,331.992,372.129,587.964,379.587
6.060,138.972,240.709,331.877,372.702,588.787,379.680
6.070,138.863,240.910,331.763,373.276,589.611,379.774
6.080,138.755,241.112,331.649,373.850,590.438,379.867
6.090,138.647,241.313,331.536,374.424,591.266,379.960
6.100,138.540,241.514,331.422,374.999,592.095,380.053
6.110,138.432,241.714,331.308,375.573,592.926,380.146
6.120,138.326,241.914,331.194,376.148,593.758,380.239
6.130,138.219,242.113,331.081,376.724,594.592,380.332
6.140,138.113,242.312,330.968,377.299,595.428,380.425
6.150,138.007,242.511,330.854,377.875,596.265,380.518
6.160,137.902,242.709,330.741,378.451,597.104,380.610
6.170,137.797,242.906,330.628,379.028,597.944,380.703
6.180,137.692,243.104,330.515,379.604,598.786,380.796
6.190,137.588,243.301,330.402,380.181,599.629,380.888
6.200,137.483,243.497,330.289,380.758,600.474,380.981
6.210,137.380,243.693,330.176,381.336,601.320,381.073
6.220,137.276,243.889,330.063,381.913,602.168,381.166
6.230,137.173,244.084,329.950,382.491,603.017,381.258
6.240,137.071,244.279,329.838,383.069,603.868,381.350
6.250,136.968,244.474,329.725,383.647,604.720,381.442
6.260,136.866,244.668,329.613,384.226,605.574,381.534
6.270,136.765,244.862,329.501,384.805,606.429,381.626
6.280,136.663,245.055,329.388,385.384,607.286,381.718
6.290,136.562,245.248,329.276,385.963,608.145,381.810
6.300,136.462,245.440,329.164,386.542,609.004,381.902
6.310,136.361,245.632,329.052,387.122,609.866,381.994
6.320,136.261,245.824,328.940,387.702,610.728,382.085
6.330,136.162,246.015,328.828,388.282,611.593,382.177
6.340,136.062,246.206,328.717,388.862,612.458,382.268
6.350,135.963,246.396,328.605,389.443,613.325,382.360
6.360,135.865,246.587,328.493,390.023,614.194,382.451
6.370,135.766,246.776,328.382,390.604,615.064,382.543
6.380,135.668,246.965,328.271,391.185,615.936,382.634
6.390,135.571,247.154,328.159,391.766,616.809,382.725
6.400,135.473,247.343,328.048,392.348,617.683,382.816
6.410,135.376,247.531,327.937,392.930,618.559,382.907
6.420,135.280,247.718,327.826,393.511,619.436,382.998
6.430,135.183,247.906,327.715,394.094,620.315,383.089
6.440,135.087,248.093,327.604,394.676,621.195,383.180
6.450,134.991,248.279,327.493,395.258,622.077,383.270
6.460,134.896,248.465,327.383,395.841,622.960,383.361
6.470,134.801,248.651,327.272,396.424,623.845,383.451
6.480,134.706,248.836,327.162,397.007,624.730,383.542
6.490,134.611,249.021,327.051,397.590,625.618,383.632
6.500,134.517,249.205,326.941,398.173,626.506,383.722
6.510,134.423,249.389,326.830,398.756,627.397,383.813
6.520,134.329,249.573,326.720,399.340,628.288,383.903
6.530,134.236,249.756,326.610,399.924,629.181,383.993
6.540,134.143,249.939,326.500,400.508,630.075,384.083
6.550,134.051,250.122,326.390,401.092,630.971,384.172
6.560,133.958,250.304,326.280,401.676,631.868,384.262
6.570,133.866,250.486,326.171,402.261,632.767,384.352
6.580,133.774,250.667,326.061,402.845,633.667,384.441
6.590,133.683,250.848,325.952,403.430,634.568,384.531
6.600,133.592,251.029,325.842,404.015,635.471,384.620
6.610,133.501,251.209,325.733,404.600,636.375,384.710
6.620,133.410,251.388,325.623,405.185,637.280,384.799
6.630,133.320,251.568,325.514,405.770,638.187,384.888
6.640,133.230,251.747,325.405,406.356,639.095,384.977
6.650,133.140,251.925,325.296,406.941,640.004,385.066
6.660,133.051,252.104,325.187,407.527,640.915,385.155
6.670,132.962,252.282,325.078,408.113,641.827,385.244
6.680,132.873,252.459,324.969,408.699,642.741,385.332
6.690,132.785,252.636,324.861,409.285,643.656,385.421
6.700,132.697,252.813,324.752,409.871,644.572,385.509
6.710,132.609,252.989,324.643,410.457,645.489,385.598
6.720,132.521,253.165,324.535,411.044,646.408,385.686
6.730,132.434,253.340,324.427,411.630,647.329,385.774
6.740,132.347,253.516,324.318,412.217,648.250,385.862
6.750,132.260,253.690,324.210,412.804,649.173,385.950
6.760,132.174,253.865,324.102,413.391,650.097,386.038
6.770,132.087,254.039,323.994,413.978,651.022,386.126
6.780,132.001,254.212,323.886,414.565,651.949,386.214
6.790,131.916,254.385,323.778,415.152,652.877,386.301
6.800,131.831,254.558,323.671,415.740,653.807,386.389
6.810,131.746,254.731,323.563,416.327,654.737,386.476
6.820,131.661,254.903,323.455,416.914,655.669,386.564
6.830,131.576,255.074,323.348,417.502,656.602,386.651
6.840,131.492,255.246,323.241,418.090,657.537,386.738
6.850,131.408,255.417,323.133,418.678,658.473,386.825
6.860,131.325,255.587,323.026,419.265,659.410,386.912
6.870,131.241,255.757,322.919,419.853,660.348,386.999
6.880,131.158,255.927,322.812,420.441,661.288,387.085
6.890,131.075,256.097,322.705,421.030,662.228,387.172
6.900,130.993,256.266,322.598,421.618,663.171,387.258
6.910,130.910,256.434,322.491,422.206,664.114,387.345
6.920,130.828,256.603,322.385,422.794,665.058,387.431
6.930,130.747,256.770,322.278,423.383,666.004,387.517
6.940,130.665,256.938,322.172,423.971,666.951,387.603
6.950,130.584,257.105,322.065,424.560,667.900,387.689
6.960,130.503,257.272,321.959,425.148,668.849,387.775
6.970,130.422,257.438,321.853,425.737,669.800,387.861
6.980,130.342,257.604,321.746,426.326,670.752,387.946
6.990,130.262,257.770,321.640,426.915,671.706,388.032
7.000,130.182,257.935,321.534,427.503,672.660,388.117
7.010,130.102,258.100,321.428,428.092,673.616,388.202
7.020,130.023,258.265,321.323,428.681,674.573,388.288
7.030,129.944,258.429,321.217,429.270,675.531,388.373
7.040,129.865,258.592,321.111,429.859,676.490,388.458
7.050,129.787,258.756,321.006,430.448,677.451,388.543
7.060,129.708,258.919,320.900,431.038,678.412,388.627
7.070,129.630,259.082,320.795,431.627,679.375,388.712
7.080,129.553,259.244,320.690,432.216,680.339,388.796
7.090,129.475,259.406,320.584,432.805,681.305,388.881
7.100,129.398,259.567,320.479,433.394,682.271,388.965
7.110,129.321,259.728,320.374,433.984,683.239,389.049
7.120,129.244,259.889,320.269,434.573,684.208,389.133
7.130,129.167,260.050,320.165,435.162,685.178,389.217
7.140,129.091,260.210,320.060,435.752,686.149,389.301
7.150,129.015,260.369,319.955,436.341,687.121,389.385
7.160,128.939,260.529,319.851,436.931,688.094,389.468
7.170,128.864,260.688,319.746,437.520,689.069,389.552
7.180,128.789,260.846,319.642,438.110,690.045,389.635
7.190,128.714,261.004,319.538,438.699,691.022,389.718
7.200,128.639,261.162,319.433,439.288,692.000,389.801
7.210,128.564,261.320,319.329,439.878,692.979,389.884
7.220,128.490,261.477,319.225,440.467,693.959,389.967
7.230,128.416,261.634,319.121,441.057,694.941,390.050
7.240,128.342,261.790,319.017,441.647,695.923,390.132
7.250,128.269,261.946,318.914,442.236,696.907,390.215
7.260,128.196,262.102,318.810,442.826,697.892,390.297
7.270,128.123,262.257,318.706,443.415,698.878,390.379
7.280,128.050,262.412,318.603,444.005,699.865,390.461
7.290,127.977,262.566,318.499,444.594,700.853,390.543
7.300,127.905,262.720,318.396,445.183,701.842,390.625
7.310,127.833,262.874,318.293,445.773,702.832,390.707
7.320,127.761,263.028,318.190,446.362,703.824,390.789
7.330,127.689,263.181,318.087,446.952,704.816,390.870
7.340,127.618,263.334,317.984,447.541,705.810,390.951
7.350,127.547,263.486,317.881,448.131,706.804,391.033
7.360,127.476,263.638,317.778,448.720,707.800,391.114
7.370,127.405,263.789,317.675,449.309,708.797,391.195
7.380,127.335,263.941,317.573,449.899,709.795,391.276
7.390,127.265,264.092,317.470,450.488,710.794,391.356
7.400,127.195,264.242,317.368,451.077,711.794,391.437
7.410,127.125,264.392,317.266,451.667,712.795,391.517
7.420,127.055,264.542,317.163,452.256,713.797,391.598
7.430,126.986,264.692,317.061,452.845,714.800,391.678
7.440,126.917,264.841,316.959,453.434,715.804,391.758
7.450,126.848,264.990,316.857,454.023,716.810,391.838
7.460,126.780,265.138,316.755,454.612,717.816,391.918
7.470,126.711,265.286,316.653,455.201,718.823,391.997
7.480,126.643,265.434,316.552,455.790,719.831,392.077
7.490,126.575,265.581,316.450,456.379,720.841,392.156
7.500,126.507,265.728,316.349,456.968,721.851,392.235
7.510,126.440,265.875,316.247,457.557,722.863,392.314
7.520,126.373,266.021,316.146,458.145,723.875,392.393
7.530,126.306,266.167,316.045,458.734,724.888,392.472
7.540,126.239,266.312,315.943,459.323,725.903,392.551
7.550,126.172,266.457,315.842,459.911,726.918,392.630
7.560,126.106,266.602,315.741,460.500,727.935,392.708
7.570,126.040,266.747,315.640,461.088,728.952,392.786
7.580,125.974,266.891,315.540,461.676,729.970,392.865
7.590,125.908,267.034,315.439,462.265,730.990,392.943
7.600,125.843,267.178,315.338,462.853,732.010,393.020
7.610,125.777,267.321,315.238,463.441,733.031,393.098
7.620,125.712,267.464,315.137,464.029,734.054,393.176
7.630,125.647,267.606,315.037,464.617,735.077,393.253
7.640,125.583,267.748,314.937,465.205,736.101,393.331
7.650,125.518,267.889,314.837,465.793,737.126,393.408
7.660,125.454,268.031,314.737,466.381,738.152,393.485
7.670,125.390,268.172,314.637,466.968,739.179,393.562
7.680,125.326,268.312,314.537,467.556,740.207,393.639
7.690,125.263,268.452,314.437,468.143,741.236,393.715
7.700,125.199,268.592,314.337,468.731,742.266,393.792
7.710,125.136,268.732,314.238,469.318,743.297,393.868
7.720,125.073,268.871,314.138,469.905,744.329,393.944
7.730,125.011,269.010,314.039,470.492,745.361,394.020
7.740,124.948,269.148,313.939,471.079,746.395,394.096
7.750,124.886,269.286,313.840,471.666,747.429,394.172
7.760,124.824,269.424,313.741,472.253,748.465,394.248
7.770,124.762,269.561,313.642,472.840,749.501,394.323
7.780,124.700,269.699,313.543,473.426,750.538,394.398
7.790,124.638,269.835,313.444,474.013,751.577,394.474
7.800,124.577,269.972,313.345,474.599,752.616,394.549
7.810,124.516,270.108,313.246,475.186,753.655,394.624
7.820,124.455,270.243,313.148,475.772,754.696,394.698
7.830,124.394,270.379,313.049,476.358,755.738,394.773
7.840,124.334,270.513,312.951,476.944,756.781,394.847
7.850,124.274,270.648,312.852,477.530,757.824,394.922
7.860,124.214,270.782,312.754,478.115,758.868,394.996
7.870,124.154,270.916,312.656,478.701,759.914,395.070
7.880,124.094,271.050,312.558,479.286,760.960,395.144
7.890,124.034,271.183,312.460,479.871,762.006,395.217
7.900,123.975,271.316,312.362,480.457,763.054,395.291
7.910,123.916,271.448,312.264,481.042,764.103,395.364
7.920,123.857,271.581,312.167,481.627,765.152,395.438
7.930,123.798,271.713,312.069,482.211,766.203,395.511
7.940,123.740,271.844,311.971,482.796,767.254,395.584
7.950,123.681,271.975,311.874,483.380,768.306,395.657
7.960,123.623,272.106,311.777,483.965,769.359,395.729
7.970,123.565,272.236,311.679,484.549,770.412,395.802
7.980,123.508,272.367,311.582,485.133,771.467,395.874
7.990,123.450,272.496,311.485,485.717,772.522,395.946
8.000,123.393,272.626,311.388,486.301,773.578,396.018
8.010,123.335,272.755,311.291,486.884,774.635,396.090
8.020,123.278,272.884,311.195,487.468,775.693,396.162
8.030,123.222,273.012,311.098,488.051,776.751,396.234
8.040,123.165,273.140,311.001,488.634,777.810,396.305
8.050,123.109,273.268,310.905,489.217,778.870,396.376
8.060,123.052,273.395,310.808,489.800,779.931,396.447
8.070,122.996,273.522,310.712,490.383,780.993,396.518
8.080,122.940,273.649,310.616,490.965,782.055,396.589
8.090,122.885,273.775,310.520,491.548,783.119,396.660
8.100,122.829,273.901,310.424,492.130,784.183,396.730
8.110,122.774,274.027,310.328,492.712,785.247,396.801
8.120,122.719,274.152,310.232,493.294,786.313,396.871
8.130,122.664,274.277,310.136,493.876,787.379,396.941
8.140,122.609,274.402,310.041,494.457,788.446,397.011
8.150,122.554,274.526,309.945,495.038,789.514,397.080
8.160,122.500,274.650,309.849,495.620,790.583,397.150
8.170,122.446,274.774,309.754,496.201,791.652,397.219
8.180,122.391,274.897,309.659,496.781,792.722,397.289
8.190,122.338,275.020,309.564,497.362,793.793,397.358
8.200,122.284,275.143,309.468,497.942,794.864,397.427
8.210,122.230,275.265,309.373,498.523,795.937,397.495
8.220,122.177,275.387,309.279,499.103,797.009,397.564
8.230,122.124,275.508,309.184,499.682,798.083,397.632
8.240,122.071,275.630,309.089,500.262,799.158,397.701
8.250,122.018,275.751,308.994,500.842,800.233,397.769
8.260,121.965,275.871,308.900,501.421,801.308,397.837
8.270,121.913,275.992,308.805,502.000,802.385,397.904
8.280,121.860,276.111,308.711,502.579,803.462,397.972
8.290,121.808,276.231,308.617,503.158,804.540,398.039
8.300,121.756,276.350,308.523,503.736,805.619,398.107
8.310,121.705,276.469,308.428,504.314,806.698,398.174
8.320,121.653,276.588,308.334,504.892,807.778,398.241
8.330,121.601,276.706,308.241,505.470,808.859,398.308
8.340,121.550,276.824,308.147,506.048,809.940,398.374
8.350,121.499,276.942,308.053,506.625,811.022,398.441
8.360,121.448,277.059,307.959,507.203,812.105,398.507
8.370,121.397,277.176,307.866,507.780,813.188,398.573
8.380,121.347,277.292,307.773,508.356,814.272,398.639
8.390,121.296,277.408,307.679,508.933,815.357,398.705
8.400,121.246,277.524,307.586,509.509,816.442,398.770
8.410,121.196,277.640,307.493,510.086,817.528,398.836
8.420,121.146,277.755,307.400,510.662,818.614,398.901
8.430,121.096,277.870,307.307,511.237,819.702,398.966
8.440,121.047,277.985,307.214,511.813,820.789,399.031
8.450,120.997,278.099,307.121,512.388,821.878,399.096
8.460,120.948,278.213,307.029,512.963,822.967,399.161
8.470,120.899,278.326,306.936,513.538,824.057,399.225
8.480,120.850,278.440,306.844,514.112,825.147,399.289
8.490,120.801,278.553,306.751,514.687,826.238,399.354
8.500,120.752,278.665,306.659,515.261,827.330,399.418
8.510,120.704,278.778,306.567,515.835,828.422,399.481
8.520,120.655,278.889,306.475,516.408,829.515,399.545
8.530,120.607,279.001,306.383,516.982,830.608,399.608
8.540,120.559,279.112,306.291,517.555,831.702,399.672
8.550,120.511,279.223,306.199,518.128,832.796,399.735
8.560,120.464,279.334,306.107,518.700,833.892,399.798
8.570,120.416,279.444,306.015,519.273,834.987,399.860
8.580,120.369,279.554,305.924,519.845,836.084,399.923
8.590,120.322,279.664,305.833,520.417,837.180,399.985
8.600,120.275,279.773,305.741,520.988,838.278,400.048
8.610,120.228,279.882,305.650,521.560,839.376,400.110
8.620,120.181,279.991,305.559,522.131,840.474,400.172
8.630,120.134,280.099,305.468,522.702,841.574,400.233
8.640,120.088,280.207,305.377,523.272,842.673,400.295
8.650,120.042,280.315,305.286,523.843,843.774,400.356
8.660,119.995,280.422,305.195,524.413,844.874,400.418
8.670,119.949,280.529,305.105,524.983,845.976,400.479
8.680,119.904,280.636,305.014,525.552,847.077,400.539
8.690,119.858,280.742,304.923,526.121,848.180,400.600
8.700,119.812,280.848,304.833,526.690,849.283,400.661
8.710,119.767,280.954,304.743,527.259,850.386,400.721
8.720,119.722,281.059,304.653,527.828,851.490,400.781
8.730,119.677,281.164,304.563,528.396,852.595,400.841
8.740,119.632,281.269,304.473,528.964,853.700,400.901
8.750,119.587,281.373,304.383,529.531,854.805,400.960
8.760,119.542,281.478,304.293,530.099,855.911,401.020
8.770,119.498,281.581,304.203,530.666,857.018,401.079
8.780,119.454,281.685,304.114,531.233,858.125,401.138
8.790,119.409,281.788,304.024,531.799,859.232,401.197
8.800,119.365,281.891,303.935,532.366,860.340,401.256
8.810,119.321,281.993,303.845,532.931,861.449,401.315
8.820,119.278,282.095,303.756,533.497,862.557,401.373
8.830,119.234,282.197,303.667,534.063,863.667,401.431
8.840,119.191,282.299,303.578,534.628,864.777,401.489
8.850,119.147,282.400,303.489,535.192,865.887,401.547
8.860,119.104,282.501,303.400,535.757,866.998,401.605
8.870,119.061,282.601,303.311,536.321,868.109,401.662
8.880,119.018,282.701,303.223,536.885,869.221,401.720
8.890,118.975,282.801,303.134,537.449,870.333,401.777
8.900,118.933,282.901,303.046,538.012,871.446,401.834
8.910,118.890,283.000,302.957,538.575,872.559,401.890
8.920,118.848,283.099,302.869,539.138,873.672,401.947
8.930,118.806,283.198,302.781,539.700,874.786,402.003
8.940,118.764,283.296,302.693,540.262,875.901,402.060
8.950,118.722,283.394,302.605,540.824,877.016,402.116
8.960,118.680,283.492,302.517,541.386,878.131,402.172
8.970,118.638,283.589,302.429,541.947,879.247,402.227
8.980,118.597,283.686,302.342,542.508,880.363,402.283
8.990,118.555,283.783,302.254,543.068,881.479,402.338
9.000,118.514,283.879,302.167,543.628,882.596,402.393
9.010,118.473,283.975,302.079,544.188,883.713,402.448
9.020,118.432,284.071,301.992,544.748,884.831,402.503
9.030,118.391,284.166,301.905,545.307,885.949,402.558
9.040,118.351,284.261,301.818,545.866,887.068,402.612
9.050,118.310,284.356,301.731,546.425,888.187,402.666
9.060,118.270,284.451,301.644,546.983,889.306,402.720
9.070,118.229,284.545,301.557,547.541,890.426,402.774
9.080,118.189,284.639,301.470,548.099,891.546,402.828
9.090,118.149,284.732,301.384,548.656,892.666,402.881
9.100,118.109,284.825,301.297,549.213,893.787,402.935
9.110,118.070,284.918,301.211,549.770,894.908,402.988
9.120,118.030,285.011,301.125,550.326,896.030,403.041
9.130,117.990,285.103,301.038,550.882,897.151,403.094
9.140,117.951,285.195,300.952,551.438,898.274,403.146
9.150,117.912,285.287,300.866,551.993,899.396,403.199
9.160,117.873,285.378,300.780,552.548,900.519,403.251
9.170,117.834,285.469,300.695,553.103,901.642,403.303
9.180,117.795,285.560,300.609,553.657,902.766,403.355
9.190,117.756,285.650,300.523,554.211,903.890,403.406
9.200,117.718,285.740,300.438,554.765,905.014,403.458
9.210,117.679,285.830,300.352,555.318,906.139,403.509
9.220,117.641,285.919,300.267,555.871,907.264,403.560
9.230,117.602,286.008,300.182,556.423,908.389,403.611
9.240,117.564,286.097,300.097,556.976,909.514,403.662
9.250,117.526,286.186,300.012,557.528,910.640,403.712
9.260,117.489,286.274,299.927,558.079,911.766,403.763
9.270,117.451,286.362,299.842,558.630,912.893,403.813
9.280,117.413,286.449,299.757,559.181,914.020,403.863
9.290,117.376,286.537,299.673,559.731,915.147,403.912
9.300,117.339,286.624,299.588,560.282,916.274,403.962
9.310,117.301,286.710,299.504,560.831,917.402,404.011
9.320,117.264,286.797,299.419,561.381,918.530,404.061
9.330,117.227,286.883,299.335,561.930,919.658,404.110
9.340,117.190,286.968,299.251,562.478,920.786,404.159
9.350,117.154,287.054,299.167,563.027,921.915,404.207
9.360,117.117,287.139,299.083,563.575,923.044,404.256
9.370,117.081,287.223,298.999,564.122,924.173,404.304
9.380,117.044,287.308,298.916,564.669,925.303,404.352
9.390,117.008,287.392,298.832,565.216,926.433,404.400
9.400,116.972,287.476,298.749,565.763,927.563,404.448
9.410,116.936,287.559,298.665,566.309,928.693,404.495
9.420,116.900,287.643,298.582,566.854,929.824,404.542
9.430,116.864,287.725,298.499,567.400,930.954,404.590
9.440,116.828,287.808,298.416,567.945,932.085,404.637
9.450,116.793,287.890,298.333,568.489,933.217,404.683
9.460,116.758,287.972,298.250,569.033,934.348,404.730
9.470,116.722,288.054,298.167,569.577,935.480,404.776
9.480,116.687,288.135,298.084,570.121,936.612,404.822
9.490,116.652,288.216,298.001,570.664,937.744,404.868
9.500,116.617,288.297,297.919,571.206,938.876,404.914
9.510,116.582,288.378,297.837,571.748,940.009,404.960
9.520,116.547,288.458,297.754,572.290,941.142,405.005
9.530,116.513,288.538,297.672,572.832,942.275,405.050
9.540,116.478,288.617,297.590,573.373,943.408,405.096
9.550,116.444,288.696,297.508,573.914,944.541,405.140
9.560,116.410,288.775,297.426,574.454,945.675,405.185
9.570,116.376,288.854,297.344,574.994,946.809,405.229
9.580,116.342,288.932,297.263,575.533,947.942,405.274
9.590,116.308,289.010,297.181,576.072,949.077,405.318
9.600,116.274,289.088,297.100,576.611,950.211,405.362
9.610,116.240,289.165,297.018,577.149,951.345,405.405
9.620,116.207,289.242,296.937,577.687,952.480,405.449
9.630,116.173,289.319,296.856,578.225,953.615,405.492
9.640,116.140,289.396,296.775,578.762,954.750,405.535
9.650,116.106,289.472,296.694,579.299,955.885,405.578
9.660,116.073,289.548,296.613,579.835,957.020,405.621
9.670,116.040,289.623,296.532,580.371,958.156,405.663
9.680,116.007,289.698,296.451,580.906,959.291,405.706
9.690,115.974,289.773,296.371,581.441,960.427,405.748
9.700,115.942,289.848,296.290,581.976,961.563,405.790
9.710,115.909,289.922,296.210,582.510,962.699,405.832
9.720,115.877,289.996,296.130,583.044,963.835,405.873
9.730,115.844,290.070,296.049,583.578,964.971,405.914
9.740,115.812,290.144,295.969,584.110,966.107,405.956
9.750,115.780,290.217,295.889,584.643,967.244,405.997
9.760,115.748,290.290,295.810,585.175,968.381,406.037
9.770,115.716,290.362,295.730,585.707,969.517,406.078
9.780,115.684,290.434,295.650,586.238,970.654,406.118
9.790,115.652,290.506,295.571,586.769,971.791,406.158
9.800,115.620,290.578,295.491,587.300,972.928,406.198
9.810,115.589,290.649,295.412,587.830,974.065,406.238
9.820,115.557,290.720,295.333,588.359,975.202,406.278
9.830,115.526,290.791,295.254,588.888,976.340,406.317
9.840,115.495,290.862,295.175,589.417,977.477,406.356
9.850,115.464,290.932,295.096,589.946,978.615,406.395
9.860,115.433,291.002,295.017,590.473,979.752,406.434
9.870,115.402,291.071,294.938,591.001,980.890,406.473
9.880,115.371,291.140,294.860,591.528,982.027,406.511
9.890,115.340,291.209,294.781,592.055,983.165,406.550
9.900,115.310,291.278,294.703,592.581,984.303,406.588
9.910,115.279,291.346,294.624,593.106,985.441,406.625
9.920,115.249,291.414,294.546,593.632,986.579,406.663
9.930,115.218,291.482,294.468,594.156,987.717,406.700
9.940,115.188,291.550,294.390,594.681,988.855,406.738
9.950,115.158,291.617,294.312,595.205,989.993,406.775
9.960,115.128,291.684,294.234,595.728,991.131,406.812
9.970,115.098,291.750,294.157,596.251,992.269,406.848
9.980,115.068,291.816,294.079,596.774,993.408,406.885
9.990,115.039,291.882,294.002,597.296,994.546,406.921
10.000,115.009,291.948,293.924,597.818,995.684,406.957
10.010,114.979,292.013,293.847,598.339,996.822,406.993
10.020,114.950,292.079,293.770,598.860,997.961,407.029
10.030,114.921,292.143,293.693,599.380,999.099,407.064
10.040,114.891,292.208,293.616,599.900,1000.237,407.099
10.050,114.862,292.272,293.539,600.420,1001.376,407.134
10.060,114.833,292.336,293.462,600.939,1002.514,407.169
10.070,114.804,292.400,293.386,601.457,1003.652,407.204
10.080,114.775,292.463,293.309,601.975,1004.791,407.238
10.090,114.747,292.526,293.233,602.493,1005.929,407.273
10.100,114.718,292.589,293.157,603.010,1007.068,407.307
10.110,114.689,292.651,293.080,603.527,1008.206,407.340
10.120,114.661,292.713,293.004,604.043,1009.344,407.374
10.130,114.633,292.775,292.928,604.559,1010.483,407.408
10.140,114.604,292.837,292.852,605.074,1011.621,407.441
10.150,114.576,292.898,292.777,605.589,1012.759,407.474
10.160,114.548,292.959,292.701,606.104,1013.897,407.507
10.170,114.520,293.020,292.625,606.617,1015.035,407.540
10.180,114.492,293.080,292.550,607.131,1016.174,407.572
10.190,114.464,293.140,292.475,607.644,1017.312,407.604
10.200,114.436,293.200,292.399,608.156,1018.450,407.636
10.210,114.409,293.259,292.324,608.668,1019.588,407.668
10.220,114.381,293.319,292.249,609.180,1020.726,407.700
10.230,114.354,293.378,292.174,609.691,1021.864,407.731
10.240,114.326,293.436,292.099,610.202,1023.002,407.763
10.250,114.299,293.495,292.025,610.712,1024.139,407.794
10.260,114.272,293.553,291.950,611.222,1025.277,407.825
10.270,114.245,293.610,291.876,611.731,1026.415,407.855
10.280,114.218,293.668,291.801,612.239,1027.552,407.886
10.290,114.191,293.725,291.727,612.748,1028.690,407.916
10.300,114.164,293.782,291.653,613.255,1029.827,407.946
10.310,114.137,293.839,291.579,613.763,1030.965,407.976
10.320,114.111,293.895,291.505,614.269,1032.102,408.006
10.330,114.084,293.951,291.431,614.776,1033.239,408.035
10.340,114.058,294.007,291.357,615.282,1034.376,408.064
10.350,114.031,294.062,291.284,615.787,1035.513,408.093
10.360,114.005,294.117,291.210,616.292,1036.650,408.122
10.370,113.979,294.172,291.137,616.796,1037.787,408.151
10.380,113.953,294.227,291.063,617.300,1038.923,408.179
10.390,113.927,294.281,290.990,617.803,1040.060,408.208
10.400,113.901,294.335,290.917,618.306,1041.196,408.236
10.410,113.875,294.389,290.844,618.808,1042.333,408.264
10.420,113.849,294.442,290.771,619.310,1043.469,408.291
10.430,113.823,294.495,290.698,619.812,1044.605,408.319
10.440,113.798,294.548,290.626,620.313,1045.741,408.346
10.450,113.772,294.601,290.553,620.813,1046.877,408.373
10.460,113.747,294.653,290.481,621.313,1048.012,408.400
10.470,113.721,294.705,290.408,621.812,1049.148,408.427
10.480,113.696,294.757,290.336,622.311,1050.283,408.453
10.490,113.671,294.808,290.264,622.809,1051.418,408.479
10.500,113.646,294.860,290.192,623.307,1052.553,408.505
10.510,113.621,294.910,290.120,623.805,1053.688,408.531
10.520,113.596,294.961,290.048,624.302,1054.823,408.557
10.530,113.571,295.011,289.977,624.798,1055.958,408.582
10.540,113.546,295.061,289.905,625.294,1057.092,408.607
10.550,113.521,295.111,289.833,625.789,1058.227,408.632
10.560,113.497,295.161,289.762,626.284,1059.361,408.657
10.570,113.472,295.210,289.691,626.778,1060.495,408.682
10.580,113.448,295.259,289.620,627.272,1061.628,408.706
10.590,113.423,295.307,289.549,627.765,1062.762,408.731
10.600,113.399,295.355,289.478,628.258,1063.895,408.755
10.610,113.375,295.404,289.407,628.750,1065.029,408.778
10.620,113.351,295.451,289.336,629.242,1066.162,408.802
10.630,113.327,295.499,289.266,629.733,1067.294,408.825
10.640,113.303,295.546,289.195,630.224,1068.427,408.849
10.650,113.279,295.593,289.125,630.714,1069.560,408.872
10.660,113.255,295.639,289.055,631.204,1070.692,408.894
10.670,113.231,295.686,288.984,631.693,1071.824,408.917
10.680,113.208,295.732,288.914,632.182,1072.956,408.940
10.690,113.184,295.778,288.844,632.670,1074.087,408.962
10.700,113.161,295.823,288.775,633.158,1075.219,408.984
10.710,113.137,295.868,288.705,633.645,1076.350,409.005
10.720,113.114,295.913,288.635,634.131,1077.481,409.027
10.730,113.090,295.958,288.566,634.617,1078.611,409.048
10.740,113.067,296.002,288.496,635.103,1079.742,409.070
10.750,113.044,296.047,288.427,635.588,1080.872,409.091
10.760,113.021,296.090,288.358,636.072,1082.002,409.111
10.770,112.998,296.134,288.289,636.556,1083.132,409.132
10.780,112.975,296.177,288.220,637.039,1084.261,409.152
10.790,112.952,296.220,288.151,637.522,1085.391,409.173
10.800,112.930,296.263,288.082,638.005,1086.520,409.193
10.810,112.907,296.305,288.014,638.486,1087.648,409.212
10.820,112.884,296.347,287.945,638.968,1088.777,409.232
10.830,112.862,296.389,287.877,639.448,1089.905,409.251
10.840,112.839,296.431,287.809,639.928,1091.033,409.270
10.850,112.817,296.472,287.741,640.408,1092.161,409.289
10.860,112.795,296.513,287.673,640.887,1093.288,409.308
10.870,112.773,296.554,287.605,641.366,1094.415,409.327
10.880,112.750,296.595,287.537,641.844,1095.542,409.345
10.890,112.728,296.635,287.469,642.321,1096.669,409.363
10.900,112.706,296.675,287.401,642.798,1097.795,409.381
10.910,112.684,296.714,287.334,643.275,1098.921,409.399
10.920,112.663,296.754,287.267,643.750,1100.047,409.416
10.930,112.641,296.793,287.199,644.226,1101.173,409.434
10.940,112.619,296.832,287.132,644.701,1102.298,409.451
10.950,112.597,296.870,287.065,645.175,1103.423,409.468
10.960,112.576,296.909,286.998,645.648,1104.547,409.484
10.970,112.554,296.947,286.931,646.122,1105.671,409.501
10.980,112.533,296.984,286.865,646.594,1106.795,409.517
10.990,112.512,297.022,286.798,647.066,1107.919,409.533
11.000,112.490,297.059,286.732,647.538,1109.042,409.549
11.010,112.469,297.096,286.665,648.009,1110.165,409.565
11.020,112.448,297.133,286.599,648.479,1111.288,409.580
11.030,112.427,297.169,286.533,648.949,1112.410,409.596
11.040,112.406,297.205,286.467,649.418,1113.532,409.611
11.050,112.385,297.241,286.401,649.887,1114.654,409.626
11.060,112.364,297.276,286.335,650.355,1115.775,409.640
11.070,112.343,297.312,286.270,650.822,1116.896,409.655
11.080,112.322,297.347,286.204,651.290,1118.017,409.669
11.090,112.302,297.381,286.139,651.756,1119.137,409.683
11.100,112.281,297.416,286.073,652.222,1120.257,409.697
11.110,112.261,297.450,286.008,652.687,1121.377,409.711
11.120,112.240,297.484,285.943,653.152,1122.496,409.724
11.130,112.220,297.518,285.878,653.616,1123.615,409.738
11.140,112.199,297.551,285.813,654.080,1124.734,409.751
11.150,112.179,297.584,285.748,654.543,1125.852,409.763
11.160,112.159,297.617,285.684,655.006,1126.970,409.776
11.170,112.139,297.650,285.619,655.468,1128.087,409.789
11.180,112.119,297.682,285.555,655.929,1129.204,409.801
11.190,112.099,297.714,285.490,656.390,1130.321,409.813
11.200,112.079,297.746,285.426,656.850,1131.437,409.825
11.210,112.059,297.777,285.362,657.310,1132.553,409.836
11.220,112.039,297.808,285.298,657.769,1133.669,409.848
11.230,112.020,297.839,285.234,658.228,1134.784,409.859
11.240,112.000,297.870,285.171,658.686,1135.899,409.870
11.250,111.980,297.900,285.107,659.143,1137.013,409.881
11.260,111.961,297.931,285.043,659.600,1138.127,409.891
11.270,111.941,297.961,284.980,660.056,1139.241,409.902
11.280,111.922,297.990,284.917,660.512,1140.354,409.912
11.290,111.903,298.019,284.854,660.967,1141.467,409.922
11.300,111.883,298.049,284.791,661.422,1142.579,409.932
11.310,111.864,298.077,284.728,661.876,1143.691,409.941
11.320,111.845,298.106,284.665,662.329,1144.802,409.951
11.330,111.826,298.134,284.602,662.782,1145.914,409.960
11.340,111.807,298.162,284.540,663.234,1147.024,409.969
11.350,111.788,298.190,284.477,663.686,1148.135,409.978
11.360,111.769,298.217,284.415,664.137,1149.244,409.986
11.370,111.750,298.245,284.353,664.587,1150.354,409.995
11.380,111.731,298.272,284.290,665.037,1151.463,410.003
11.390,111.713,298.298,284.228,665.487,1152.571,410.011
11.400,111.694,298.325,284.167,665.936,1153.679,410.019
11.410,111.675,298.351,284.105,666.384,1154.787,410.026
11.420,111.657,298.377,284.043,666.831,1155.894,410.034
11.430,111.638,298.402,283.982,667.278,1157.001,410.041
11.440,111.620,298.428,283.920,667.725,1158.107,410.048
11.450,111.602,298.453,283.859,668.171,1159.213,410.055
11.460,111.583,298.478,283.798,668.616,1160.318,410.061
11.470,111.565,298.502,283.737,669.061,1161.423,410.067
11.480,111.547,298.527,283.676,669.505,1162.528,410.074
11.490,111.529,298.551,283.615,669.948,1163.632,410.080
11.500,111.511,298.575,283.554,670.391,1164.735,410.085
11.510,111.493,298.598,283.494,670.833,1165.838,410.091
11.520,111.475,298.621,283.433,671.275,1166.941,410.096
11.530,111.457,298.644,283.373,671.716,1168.043,410.101
11.540,111.439,298.667,283.312,672.157,1169.145,410.106
11.550,111.421,298.690,283.252,672.597,1170.246,410.111
11.560,111.404,298.712,283.192,673.036,1171.346,410.115
11.570,111.386,298.734,283.132,673.475,1172.447,410.120
11.580,111.369,298.755,283.073,673.913,1173.546,410.124
11.590,111.351,298.777,283.013,674.350,1174.645,410.128
11.600,111.334,298.798,282.953,674.787,1175.744,410.132
11.610,111.316,298.819,282.894,675.224,1176.842,410.135
11.620,111.299,298.840,282.835,675.659,1177.940,410.138
11.630,111.282,298.860,282.776,676.095,1179.037,410.142
11.640,111.264,298.880,282.717,676.529,1180.133,410.144
11.650,111.247,298.900,282.658,676.963,1181.230,410.147
11.660,111.230,298.920,282.599,677.396,1182.325,410.150
11.670,111.213,298.939,282.540,677.829,1183.420,410.152
11.680,111.196,298.958,282.481,678.261,1184.515,410.154
11.690,111.179,298.977,282.423,678.693,1185.609,410.156
11.700,111.162,298.996,282.365,679.124,1186.702,410.158
11.710,111.145,299.014,282.306,679.554,1187.795,410.159
11.720,111.128,299.032,282.248,679.984,1188.888,410.160
11.730,111.112,299.050,282.190,680.413,1189.979,410.162
11.740,111.095,299.067,282.132,680.841,1191.071,410.162
11.750,111.078,299.085,282.075,681.269,1192.162,410.163
11.760,111.062,299.102,282.017,681.697,1193.252,410.164
11.770,111.045,299.118,281.960,682.123,1194.342,410.164
11.780,111.029,299.135,281.902,682.549,1195.431,410.164
11.790,111.013,299.151,281.845,682.975,1196.519,410.164
11.800,110.996,299.167,281.788,683.400,1197.607,410.164
11.810,110.980,299.183,281.731,683.824,1198.695,410.163
11.820,110.964,299.199,281.674,684.248,1199.782,410.162
11.830,110.948,299.214,281.617,684.671,1200.868,410.161
11.840,110.931,299.229,281.560,685.093,1201.954,410.160
11.850,110.915,299.244,281.504,685.515,1203.039,410.159
11.860,110.899,299.258,281.447,685.936,1204.124,410.157
11.870,110.883,299.272,281.391,686.356,1205.208,410.156
11.880,110.867,299.286,281.335,686.776,1206.291,410.154
11.890,110.852,299.300,281.279,687.196,1207.374,410.152
11.900,110.836,299.314,281.223,687.614,1208.456,410.149
11.910,110.820,299.327,281.167,688.032,1209.538,410.147
11.920,110.804,299.340,281.111,688.450,1210.619,410.144
11.930,110.789,299.353,281.056,688.867,1211.700,410.141
11.940,110.773,299.365,281.000,689.283,1212.780,410.138
11.950,110.757,299.377,280.945,689.699,1213.859,410.135
11.960,110.742,299.389,280.890,690.114,1214.938,410.131
11.970,110.727,299.401,280.835,690.528,1216.016,410.127
11.980,110.711,299.412,280.780,690.942,1217.093,410.124
11.990,110.696,299.424,280.725,691.355,1218.170,410.119
12.000,110.680,299.435,280.670,691.767,1219.247,410.115
12.010,110.665,299.445,280.615,692.179,1220.322,410.111
12.020,110.650,299.456,280.561,692.590,1221.397,410.106
12.030,110.635,299.466,280.506,693.001,1222.472,410.101
12.040,110.620,299.476,280.452,693.411,1223.545,410.096
12.050,110.605,299.486,280.398,693.820,1224.619,410.090
12.060,110.590,299.495,280.344,694.229,1225.691,410.085
12.070,110.575,299.504,280.290,694.637,1226.763,410.079
12.080,110.560,299.513,280.236,695.045,1227.834,410.073
12.090,110.545,299.522,280.183,695.451,1228.905,410.067
12.100,110.530,299.530,280.129,695.858,1229.975,410.061
12.110,110.516,299.539,280.076,696.263,1231.044,410.054
12.120,110.501,299.547,280.023,696.668,1232.113,410.048
12.130,110.486,299.554,279.969,697.073,1233.181,410.041
12.140,110.472,299.562,279.916,697.476,1234.249,410.033
12.150,110.457,299.569,279.863,697.879,1235.315,410.026
12.160,110.443,299.576,279.811,698.282,1236.382,410.019
12.170,110.428,299.583,279.758,698.684,1237.447,410.011
12.180,110.414,299.589,279.705,699.085,1238.512,410.003
12.190,110.399,299.596,279.653,699.485,1239.576,409.995
12.200,110.385,299.602,279.601,699.885,1240.639,409.987
12.210,110.371,299.607,279.549,700.284,1241.702,409.978
12.220,110.356,299.613,279.497,700.683,1242.764,409.969
12.230,110.342,299.618,279.445,701.081,1243.826,409.960
12.240,110.328,299.623,279.393,701.478,1244.886,409.951
12.250,110.314,299.628,279.341,701.875,1245.947,409.942
12.260,110.300,299.632,279.290,702.271,1247.006,409.933
12.270,110.286,299.637,279.238,702.666,1248.065,409.923
12.280,110.272,299.641,279.187,703.061,1249.123,409.913
12.290,110.258,299.645,279.136,703.455,1250.180,409.903
12.300,110.244,299.648,279.085,703.849,1251.237,409.893
12.310,110.231,299.651,279.034,704.242,1252.293,409.882
12.320,110.217,299.655,278.983,704.634,1253.348,409.871
12.330,110.203,299.657,278.932,705.026,1254.402,409.860
12.340,110.189,299.660,278.882,705.416,1255.456,409.849
12.350,110.176,299.662,278.831,705.807,1256.509,409.838
12.360,110.162,299.664,278.781,706.196,1257.562,409.827
12.370,110.149,299.666,278.731,706.585,1258.614,409.815
12.380,110.135,299.668,278.681,706.974,1259.665,409.803
12.390,110.122,299.669,278.631,707.361,1260.715,409.791
12.400,110.108,299.670,278.581,707.749,1261.765,409.779
12.410,110.095,299.671,278.531,708.135,1262.813,409.766
12.420,110.082,299.672,278.482,708.521,1263.862,409.754
12.430,110.068,299.672,278.432,708.906,1264.909,409.741
12.440,110.055,299.673,278.383,709.290,1265.956,409.728
12.450,110.042,299.672,278.334,709.674,1267.002,409.714
12.460,110.029,299.672,278.285,710.057,1268.047,409.701
12.470,110.016,299.672,278.236,710.440,1269.091,409.687
12.480,110.003,299.671,278.187,710.822,1270.135,409.674
12.490,109.990,299.670,278.138,711.203,1271.178,409.660
12.500,109.977,299.669,278.090,711.584,1272.220,409.645
12.510,109.964,299.667,278.041,711.964,1273.262,409.631
12.520,109.951,299.665,277.993,712.343,1274.303,409.616
12.530,109.938,299.663,277.945,712.721,1275.343,409.601
12.540,109.925,299.661,277.897,713.099,1276.382,409.586
12.550,109.913,299.659,277.849,713.477,1277.420,409.571
12.560,109.900,299.656,277.801,713.853,1278.458,409.556
12.570,109.887,299.653,277.753,714.229,1279.495,409.540
12.580,109.875,299.650,277.706,714.605,1280.531,409.524
12.590,109.862,299.647,277.658,714.979,1281.567,409.508
12.600,109.849,299.643,277.611,715.354,1282.602,409.492
12.610,109.837,299.639,277.564,715.727,1283.635,409.476
12.620,109.824,299.635,277.517,716.100,1284.669,409.459
12.630,109.812,299.631,277.470,716.472,1285.701,409.443
12.640,109.800,299.626,277.423,716.843,1286.733,409.426
12.650,109.787,299.621,277.377,717.214,1287.763,409.409
12.660,109.775,299.616,277.330,717.584,1288.793,409.391
12.670,109.763,299.611,277.284,717.953,1289.823,409.374
12.680,109.751,299.605,277.237,718.322,1290.851,409.356
12.690,109.738,299.600,277.191,718.690,1291.879,409.338
12.700,109.726,299.594,277.145,719.058,1292.906,409.320
12.710,109.714,299.587,277.099,719.425,1293.932,409.302
12.720,109.702,299.581,277.054,719.791,1294.957,409.283
12.730,109.690,299.574,277.008,720.156,1295.982,409.264
12.740,109.678,299.567,276.962,720.521,1297.005,409.245
12.750,109.666,299.560,276.917,720.885,1298.028,409.226
12.760,109.654,299.553,276.872,721.249,1299.050,409.207
12.770,109.642,299.545,276.827,721.612,1300.072,409.188
12.780,109.631,299.537,276.782,721.974,1301.092,409.168
12.790,109.619,299.529,276.737,722.335,1302.112,409.148
12.800,109.607,299.521,276.692,722.696,1303.131,409.128
12.810,109.595,299.513,276.647,723.056,1304.149,409.108
12.820,109.584,299.504,276.603,723.416,1305.166,409.087
12.830,109.572,299.495,276.558,723.775,1306.182,409.067
12.840,109.560,299.486,276.514,724.133,1307.198,409.046
12.850,109.549,299.476,276.470,724.491,1308.213,409.025
12.860,109.537,299.466,276.426,724.847,1309.226,409.004
12.870,109.526,299.457,276.382,725.204,1310.240,408.982
12.880,109.514,299.446,276.339,725.559,1311.252,408.961
12.890,109.503,299.436,276.295,725.914,1312.263,408.939
12.900,109.492,299.425,276.252,726.268,1313.274,408.917
12.910,109.480,299.415,276.208,726.622,1314.284,408.895
12.920,109.469,299.404,276.165,726.975,1315.292,408.873
12.930,109.458,299.392,276.122,727.327,1316.300,408.850
12.940,109.447,299.381,276.079,727.678,1317.308,408.827
12.950,109.435,299.369,276.036,728.029,1318.314,408.805
12.960,109.424,299.357,275.993,728.379,1319.319,408.781
12.970,109.413,299.345,275.951,728.729,1320.324,408.758
12.980,109.402,299.333,275.908,729.078,1321.328,408.735
12.990,109.391,299.320,275.866,729.426,1322.331,408.711
13.000,109.380,299.307,275.824,729.773,1323.333,408.687
13.010,109.369,299.294,275.782,730.120,1324.334,408.663
13.020,109.358,299.281,275.740,730.466,1325.334,408.639
13.030,109.347,299.267,275.698,730.812,1326.334,408.614
13.040,109.337,299.253,275.657,731.157,1327.333,408.590
13.050,109.326,299.239,275.615,731.501,1328.330,408.565
13.060,109.315,299.225,275.574,731.844,1329.327,408.540
13.070,109.304,299.211,275.532,732.187,1330.323,408.515
13.080,109.294,299.196,275.491,732.529,1331.318,408.489
13.090,109.283,299.181,275.450,732.871,1332.313,408.464
13.100,109.272,299.166,275.409,733.211,1333.306,408.438
13.110,109.262,299.151,275.369,733.552,1334.298,408.412
13.120,109.251,299.135,275.328,733.891,1335.290,408.386
13.130,109.241,299.119,275.288,734.230,1336.281,408.360
13.140,109.230,299.103,275.247,734.568,1337.270,408.333
13.150,109.220,299.087,275.207,734.905,1338.259,408.307
13.160,109.209,299.071,275.167,735.242,1339.247,408.280
13.170,109.199,299.054,275.127,735.578,1340.234,408.253
13.180,109.188,299.037,275.087,735.913,1341.221,408.225
13.190,109.178,299.020,275.048,736.248,1342.206,408.198
13.200,109.168,299.003,275.008,736.582,1343.190,408.170
13.210,109.158,298.985,274.969,736.915,1344.174,408.143
13.220,109.147,298.967,274.929,737.248,1345.157,408.115
13.230,109.137,298.949,274.890,737.580,1346.138,408.086
13.240,109.127,298.931,274.851,737.911,1347.119,408.058
13.250,109.117,298.913,274.812,738.242,1348.099,408.030
13.260,109.107,298.894,274.773,738.572,1349.078,408.001
13.270,109.097,298.875,274.735,738.901,1350.056,407.972
13.280,109.087,298.856,274.696,739.230,1351.033,407.943
13.290,109.077,298.837,274.658,739.558,1352.009,407.913
13.300,109.067,298.817,274.620,739.885,1352.984,407.884
13.310,109.057,298.797,274.581,740.211,1353.959,407.854
13.320,109.047,298.778,274.543,740.537,1354.932,407.824
13.330,109.037,298.757,274.506,740.862,1355.905,407.794
13.340,109.027,298.737,274.468,741.187,1356.876,407.764
13.350,109.017,298.716,274.430,741.511,1357.847,407.734
13.360,109.008,298.695,274.393,741.834,1358.817,407.703
13.370,108.998,298.674,274.356,742.156,1359.785,407.672
13.380,108.988,298.653,274.318,742.478,1360.753,407.641
13.390,108.979,298.632,274.281,742.799,1361.720,407.610
13.400,108.969,298.610,274.244,743.119,1362.686,407.579
13.410,108.959,298.588,274.208,743.439,1363.651,407.548
13.420,108.950,298.566,274.171,743.758,1364.615,407.516
13.430,108.940,298.544,274.134,744.077,1365.578,407.484
13.440,108.931,298.521,274.098,744.394,1366.540,407.452
13.450,108.921,298.498,274.062,744.711,1367.501,407.420
13.460,108.912,298.475,274.026,745.027,1368.462,407.387
13.470,108.902,298.452,273.990,745.343,1369.421,407.355
13.480,108.893,298.429,273.954,745.658,1370.379,407.322
13.490,108.884,298.405,273.918,745.972,1371.336,407.289
13.500,108.874,298.381,273.882,746.286,1372.293,407.256
13.510,108.865,298.357,273.847,746.599,1373.248,407.222
13.520,108.856,298.333,273.812,746.911,1374.203,407.189
13.530,108.847,298.309,273.776,747.222,1375.156,407.155
13.540,108.837,298.284,273.741,747.533,1376.109,407.121
13.550,108.828,298.259,273.706,747.843,1377.060,407.087
13.560,108.819,298.234,273.672,748.153,1378.011,407.053
13.570,108.810,298.209,273.637,748.461,1378.960,407.019
13.580,108.801,298.183,273.602,748.769,1379.909,406.984
13.590,108.792,298.157,273.568,749.077,1380.856,406.949
13.600,108.783,298.131,273.534,749.384,1381.803,406.914
13.610,108.774,298.105,273.500,749.690,1382.749,406.879
13.620,108.765,298.079,273.466,749.995,1383.693,406.844
13.630,108.756,298.052,273.432,750.299,1384.637,406.808
13.640,108.747,298.025,273.398,750.603,1385.580,406.773
13.650,108.738,297.998,273.364,750.907,1386.521,406.737
13.660,108.730,297.971,273.331,751.209,1387.462,406.701
13.670,108.721,297.944,273.298,751.511,1388.402,406.664
13.680,108.712,297.916,273.264,751.812,1389.340,406.628
13.690,108.703,297.888,273.231,752.113,1390.278,406.591
13.700,108.694,297.860,273.198,752.412,1391.215,406.555
13.710,108.686,297.832,273.166,752.712,1392.150,406.518
13.720,108.677,297.804,273.133,753.010,1393.085,406.481
13.730,108.668,297.775,273.101,753.308,1394.019,406.443
13.740,108.660,297.746,273.068,753.605,1394.951,406.406
13.750,108.651,297.717,273.036,753.901,1395.883,406.368
13.760,108.643,297.688,273.004,754.197,1396.814,406.330
13.770,108.634,297.658,272.972,754.492,1397.743,406.292
13.780,108.626,297.629,272.940,754.786,1398.672,406.254
13.790,108.617,297.599,272.908,755.080,1399.600,406.216
13.800,108.609,297.569,272.877,755.372,1400.526,406.177
13.810,108.600,297.538,272.845,755.665,1401.452,406.139
13.820,108.592,297.508,272.814,755.956,1402.376,406.100
13.830,108.584,297.477,272.783,756.247,1403.300,406.061
13.840,108.575,297.446,272.752,756.537,1404.222,406.021
13.850,108.567,297.415,272.721,756.826,1405.144,405.982
13.860,108.559,297.384,272.690,757.115,1406.064,405.942
13.870,108.551,297.352,272.659,757.403,1406.983,405.903
13.880,108.542,297.320,272.629,757.691,1407.902,405.863
13.890,108.534,297.288,272.599,757.977,1408.819,405.823
13.900,108.526,297.256,272.568,758.263,1409.735,405.782
13.910,108.518,297.224,272.538,758.548,1410.651,405.742
13.920,108.510,297.191,272.508,758.833,1411.565,405.701
13.930,108.502,297.159,272.478,759.117,1412.478,405.660
13.940,108.494,297.126,272.449,759.400,1413.390,405.619
13.950,108.486,297.093,272.419,759.683,1414.301,405.578
13.960,108.478,297.059,272.390,759.964,1415.211,405.537
13.970,108.470,297.026,272.361,760.245,1416.120,405.495
13.980,108.462,296.992,272.331,760.526,1417.028,405.454
13.990,108.454,296.958,272.302,760.806,1417.935,405.412
14.000,108.446,296.924,272.274,761.085,1418.841,405.370
14.010,108.438,296.890,272.245,761.363,1419.745,405.327
14.020,108.430,296.855,272.216,761.641,1420.649,405.285
14.030,108.422,296.820,272.188,761.917,1421.552,405.243
14.040,108.414,296.785,272.159,762.194,1422.453,405.200
14.050,108.407,296.750,272.131,762.469,1423.354,405.157
14.060,108.399,296.715,272.103,762.744,1424.253,405.114
14.070,108.391,296.679,272.075,763.018,1425.152,405.071
14.080,108.384,296.644,272.048,763.292,1426.049,405.027
14.090,108.376,296.608,272.020,763.564,1426.945,404.984
14.100,108.368,296.572,271.992,763.837,1427.840,404.940
14.110,108.361,296.535,271.965,764.108,1428.734,404.896
14.120,108.353,296.499,271.938,764.379,1429.627,404.852
14.130,108.345,296.462,271.911,764.649,1430.519,404.807
14.140,108.338,296.425,271.884,764.918,1431.410,404.763
14.150,108.330,296.388,271.857,765.186,1432.300,404.718
14.160,108.323,296.351,271.830,765.454,1433.189,404.674
14.170,108.315,296.313,271.804,765.721,1434.076,404.629
14.180,108.308,296.275,271.777,765.988,1434.963,404.584
14.190,108.301,296.238,271.751,766.254,1435.848,404.538
14.200,108.293,296.200,271.725,766.519,1436.732,404.493
14.210,108.286,296.161,271.699,766.783,1437.616,404.447
14.220,108.279,296.123,271.673,767.047,1438.498,404.401
14.230,108.271,296.084,271.647,767.310,1439.379,404.355
14.240,108.264,296.045,271.622,767.572,1440.259,404.309
14.250,108.257,296.006,271.596,767.834,1441.138,404.263
14.260,108.249,295.967,271.571,768.095,1442.016,404.216
14.270,108.242,295.928,271.546,768.355,1442.892,404.170
14.280,108.235,295.888,271.521,768.615,1443.768,404.123
14.290,108.228,295.848,271.496,768.873,1444.642,404.076
14.300,108.221,295.808,271.471,769.132,1445.516,404.029
14.310,108.213,295.768,271.446,769.389,1446.388,403.981
14.320,108.206,295.728,271.422,769.646,1447.259,403.934
14.330,108.199,295.687,271.398,769.902,1448.129,403.886
14.340,108.192,295.646,271.373,770.157,1448.998,403.838
14.350,108.185,295.605,271.349,770.412,1449.866,403.790
14.360,108.178,295.564,271.325,770.666,1450.733,403.742
14.370,108.171,295.523,271.302,770.919,1451.599,403.694
14.380,108.164,295.481,271.278,771.171,1452.463,403.645
14.390,108.157,295.440,271.254,771.423,1453.326,403.597
14.400,108.150,295.398,271.231,771.674,1454.189,403.548
14.410,108.143,295.356,271.208,771.925,1455.050,403.499
14.420,108.137,295.313,271.185,772.175,1455.910,403.450
14.430,108.130,295.271,271.162,772.424,1456.769,403.401
14.440,108.123,295.228,271.139,772.672,1457.627,403.351
14.450,108.116,295.185,271.116,772.920,1458.483,403.301
14.460,108.109,295.142,271.094,773.167,1459.339,403.252
14.470,108.103,295.099,271.071,773.413,1460.193,403.202
14.480,108.096,295.056,271.049,773.659,1461.046,403.151
14.490,108.089,295.012,271.027,773.903,1461.899,403.101
14.500,108.082,294.968,271.005,774.148,1462.750,403.051
14.510,108.076,294.924,270.983,774.391,1463.599,403.000
14.520,108.069,294.880,270.961,774.634,1464.448,402.949
14.530,108.062,294.836,270.940,774.876,1465.296,402.898
14.540,108.056,294.791,270.918,775.117,1466.142,402.847
14.550,108.049,294.747,270.897,775.358,1466.987,402.796
14.560,108.043,294.702,270.876,775.598,1467.832,402.744
14.570,108.036,294.657,270.855,775.837,1468.675,402.693
14.580,108.030,294.611,270.834,776.076,1469.517,402.641
14.590,108.023,294.566,270.813,776.314,1470.357,402.589
14.600,108.017,294.520,270.792,776.551,1471.197,402.537
14.610,108.010,294.475,270.772,776.787,1472.035,402.485
14.620,108.004,294.429,270.752,777.023,1472.873,402.432
14.630,107.997,294.382,270.731,777.258,1473.709,402.380
14.640,107.991,294.336,270.711,777.493,1474.544,402.327
14.650,107.985,294.290,270.691,777.726,1475.378,402.274
14.660,107.978,294.243,270.672,777.959,1476.210,402.221
14.670,107.972,294.196,270.652,778.192,1477.042,402.168
14.680,107.966,294.149,270.632,778.423,1477.872,402.115
14.690,107.959,294.102,270.613,778.654,1478.701,402.061
14.700,107.953,294.054,270.594,778.884,1479.529,402.007
14.710,107.947,294.007,270.575,779.114,1480.356,401.953
14.720,107.941,293.959,270.556,779.343,1481.182,401.899
14.730,107.934,293.911,270.537,779.571,1482.007,401.845
14.740,107.928,293.863,270.518,779.798,1482.830,401.791
14.750,107.922,293.814,270.500,780.025,1483.652,401.736
14.760,107.916,293.766,270.481,780.251,1484.473,401.682
14.770,107.910,293.717,270.463,780.476,1485.293,401.627
14.780,107.904,293.668,270.445,780.701,1486.112,401.572
14.790,107.898,293.619,270.427,780.925,1486.929,401.517
14.800,107.892,293.570,270.409,781.148,1487.746,401.462
14.810,107.886,293.521,270.392,781.370,1488.561,401.406
14.820,107.880,293.471,270.374,781.592,1489.375,401.351
14.830,107.874,293.421,270.357,781.813,1490.188,401.295
14.840,107.868,293.371,270.339,782.034,1490.999,401.239
14.850,107.862,293.321,270.322,782.254,1491.810,401.183
14.860,107.856,293.271,270.305,782.473,1492.619,401.127
14.870,107.850,293.220,270.288,782.691,1493.427,401.070
14.880,107.844,293.170,270.272,782.909,1494.234,401.014
14.890,107.838,293.119,270.255,783.125,1495.040,400.957
14.900,107.832,293.068,270.239,783.342,1495.844,400.900
14.910,107.826,293.017,270.222,783.557,1496.648,400.843
14.920,107.820,292.966,270.206,783.772,1497.450,400.786
14.930,107.815,292.914,270.190,783.986,1498.251,400.729
14.940,107.809,292.862,270.174,784.200,1499.051,400.671
14.950,107.803,292.811,270.158,784.412,1499.849,400.614
14.960,107.797,292.759,270.143,784.624,1500.647,400.556
14.970,107.792,292.706,270.127,784.836,1501.443,400.498
14.980,107.786,292.654,270.112,785.047,1502.238,400.440
14.990,107.780,292.601,270.097,785.256,1503.032,400.382
15.000,107.774,292.549,270.082,785.466,1503.824,400.323
15.010,107.769,292.496,270.067,785.674,1504.616,400.265
15.020,107.763,292.443,270.052,785.882,1505.406,400.206
15.030,107.758,292.390,270.037,786.089,1506.195,400.147
15.040,107.752,292.336,270.023,786.296,1506.983,400.088
15.050,107.746,292.283,270.009,786.502,1507.769,400.029
15.060,107.741,292.229,269.994,786.707,1508.555,399.970
15.070,107.735,292.175,269.980,786.911,1509.339,399.910
15.080,107.730,292.121,269.966,787.115,1510.122,399.851
15.090,107.724,292.067,269.953,787.318,1510.904,399.791
15.100,107.719,292.012,269.939,787.520,1511.684,399.731
15.110,107.713,291.958,269.925,787.722,1512.464,399.671
15.120,107.708,291.903,269.912,787.923,1513.242,399.611
15.130,107.702,291.848,269.899,788.123,1514.019,399.550
15.140,107.697,291.793,269.886,788.322,1514.794,399.490
15.150,107.692,291.738,269.873,788.521,1515.569,399.429
15.160,107.686,291.682,269.860,788.719,1516.342,399.368
15.170,107.681,291.627,269.847,788.917,1517.114,399.307
15.180,107.675,291.571,269.835,789.113,1517.885,399.246
15.190,107.670,291.515,269.822,789.309,1518.655,399.185
15.200,107.665,291.459,269.810,789.505,1519.423,399.124
15.210,107.660,291.403,269.798,789.699,1520.190,399.062
15.220,107.654,291.346,269.786,789.893,1520.956,399.000
15.230,107.649,291.290,269.774,790.087,1521.721,398.939
15.240,107.644,291.233,269.763,790.279,1522.484,398.877
15.250,107.639,291.176,269.751,790.471,1523.247,398.814
15.260,107.633,291.119,269.740,790.662,1524.008,398.752
15.270,107.628,291.062,269.728,790.853,1524.767,398.690
15.280,107.623,291.004,269.717,791.043,1525.526,398.627
15.290,107.618,290.947,269.706,791.232,1526.283,398.564
15.300,107.613,290.889,269.695,791.420,1527.039,398.501
15.310,107.608,290.831,269.685,791.608,1527.794,398.438
15.320,107.602,290.773,269.674,791.795,1528.548,398.375
15.330,107.597,290.715,269.664,791.981,1529.300,398.312
15.340,107.592,290.656,269.653,792.167,1530.052,398.249
15.350,107.587,290.598,269.643,792.352,1530.801,398.185
15.360,107.582,290.539,269.633,792.536,1531.550,398.121
15.370,107.577,290.480,269.623,792.719,1532.298,398.057
15.380,107.572,290.421,269.614,792.902,1533.044,397.993
15.390,107.567,290.362,269.604,793.084,1533.789,397.929
15.400,107.562,290.303,269.595,793.266,1534.533,397.865
15.410,107.557,290.243,269.585,793.447,1535.275,397.800
15.420,107.552,290.183,269.576,793.627,1536.016,397.736
15.430,107.547,290.124,269.567,793.806,1536.756,397.671
15.440,107.542,290.064,269.558,793.985,1537.495,397.606
15.450,107.538,290.003,269.549,794.163,1538.232,397.541
15.460,107.533,289.943,269.541,794.340,1538.969,397.476
15.470,107.528,289.883,269.532,794.517,1539.704,397.410
15.480,107.523,289.822,269.524,794.693,1540.437,397.345
15.490,107.518,289.761,269.516,794.868,1541.170,397.279
15.500,107.513,289.700,269.508,795.042,1541.901,397.214
15.510,107.509,289.639,269.500,795.216,1542.631,397.148
15.520,107.504,289.578,269.492,795.389,1543.360,397.082
15.530,107.499,289.516,269.484,795.562,1544.087,397.016
15.540,107.494,289.455,269.477,795.734,1544.814,396.949
15.550,107.490,289.393,269.470,795.905,1545.539,396.883
15.560,107.485,289.331,269.462,796.075,1546.262,396.816
15.570,107.480,289.269,269.455,796.245,1546.985,396.749
15.580,107.475,289.207,269.448,796.414,1547.706,396.683
15.590,107.471,289.145,269.442,796.582,1548.426,396.616
15.600,107.466,289.082,269.435,796.750,1549.145,396.548
15.610,107.461,289.020,269.428,796.917,1549.862,396.481
15.620,107.457,288.957,269.422,797.083,1550.578,396.414
15.630,107.452,288.894,269.416,797.249,1551.293,396.346
15.640,107.448,288.831,269.410,797.413,1552.007,396.278
15.650,107.443,288.767,269.404,797.578,1552.719,396.211
15.660,107.439,288.704,269.398,797.741,1553.430,396.143
15.670,107.434,288.640,269.392,797.904,1554.140,396.074
15.680,107.429,288.577,269.387,798.066,1554.848,396.006
15.690,107.425,288.513,269.381,798.228,1555.556,395.938
15.700,107.420,288.449,269.376,798.388,1556.262,395.869
15.710,107.416,288.385,269.371,798.548,1556.966,395.801
15.720,107.411,288.320,269.366,798.708,1557.670,395.732
15.730,107.407,288.256,269.361,798.866,1558.372,395.663
15.740,107.403,288.191,269.357,799.024,1559.073,395.594
15.750,107.398,288.126,269.352,799.182,1559.772,395.524
15.760,107.394,288.061,269.348,799.338,1560.471,395.455
15.770,107.389,287.996,269.343,799.494,1561.168,395.386
15.780,107.385,287.931,269.339,799.650,1561.864,395.316
15.790,107.381,287.866,269.335,799.804,1562.558,395.246
15.800,107.376,287.800,269.331,799.958,1563.251,395.176
15.810,107.372,287.734,269.328,800.111,1563.943,395.106
15.820,107.368,287.669,269.324,800.264,1564.634,395.036
15.830,107.363,287.603,269.321,800.416,1565.324,394.966
15.840,107.359,287.537,269.317,800.567,1566.012,394.895
15.850,107.355,287.470,269.314,800.717,1566.698,394.825
15.860,107.350,287.404,269.311,800.867,1567.384,394.754
15.870,107.346,287.337,269.308,801.016,1568.068,394.683
15.880,107.342,287.271,269.306,801.165,1568.751,394.612
15.890,107.338,287.204,269.303,801.312,1569.433,394.541
15.900,107.333,287.137,269.301,801.459,1570.113,394.470
15.910,107.329,287.069,269.298,801.606,1570.793,394.399
15.920,107.325,287.002,269.296,801.751,1571.470,394.327
15.930,107.321,286.935,269.294,801.896,1572.147,394.256
15.940,107.317,286.867,269.292,802.041,1572.822,394.184
15.950,107.313,286.799,269.290,802.184,1573.496,394.112
15.960,107.308,286.732,269.289,802.327,1574.169,394.040
15.970,107.304,286.664,269.287,802.470,1574.840,393.968
15.980,107.300,286.595,269.286,802.611,1575.510,393.896
15.990,107.296,286.527,269.285,802.752,1576.179,393.823
16.000,107.292,286.459,269.284,802.892,1576.847,393.751
16.010,107.288,286.390,269.283,803.032,1577.513,393.678
16.020,107.284,286.321,269.282,803.171,1578.178,393.605
16.030,107.280,286.252,269.281,803.309,1578.841,393.532
16.040,107.276,286.183,269.281,803.446,1579.504,393.459
16.050,107.272,286.114,269.280,803.583,1580.165,393.386
16.060,107.268,286.045,269.280,803.719,1580.824,393.313
16.070,107.264,285.975,269.280,803.855,1581.483,393.239
16.080,107.260,285.906,269.280,803.990,1582.140,393.166
16.090,107.256,285.836,269.280,804.124,1582.796,393.092
16.100,107.252,285.766,269.281,804.257,1583.450,393.018
16.110,107.248,285.696,269.281,804.390,1584.103,392.944
16.120,107.244,285.626,269.282,804.522,1584.755,392.870
16.130,107.240,285.556,269.283,804.653,1585.406,392.796
16.140,107.236,285.485,269.283,804.784,1586.055,392.722
16.150,107.232,285.415,269.284,804.914,1586.703,392.647
16.160,107.229,285.344,269.286,805.043,1587.350,392.573
16.170,107.225,285.273,269.287,805.172,1587.995,392.498
16.180,107.221,285.202,269.288,805.300,1588.639,392.423
16.190,107.217,285.131,269.290,805.427,1589.282,392.348
16.200,107.213,285.060,269.292,805.554,1589.924,392.273
16.210,107.209,284.988,269.294,805.680,1590.564,392.198
16.220,107.206,284.917,269.296,805.805,1591.203,392.123
16.230,107.202,284.845,269.298,805.930,1591.840,392.047
16.240,107.198,284.773,269.300,806.054,1592.476,391.972
16.250,107.194,284.702,269.302,806.177,1593.111,391.896
16.260,107.191,284.629,269.305,806.300,1593.745,391.820
16.270,107.187,284.557,269.308,806.422,1594.377,391.744
16.280,107.183,284.485,269.310,806.543,1595.008,391.668
16.290,107.179,284.412,269.313,806.664,1595.638,391.592
16.300,107.176,284.340,269.316,806.784,1596.266,391.516
16.310,107.172,284.267,269.320,806.903,1596.893,391.439
16.320,107.168,284.194,269.323,807.021,1597.519,391.363
16.330,107.165,284.121,269.327,807.139,1598.143,391.286
16.340,107.161,284.048,269.330,807.257,1598.766,391.209
16.350,107.158,283.975,269.334,807.373,1599.388,391.132
16.360,107.154,283.901,269.338,807.489,1600.009,391.055
16.370,107.150,283.828,269.342,807.604,1600.628,390.978
16.380,107.147,283.754,269.346,807.719,1601.245,390.901
16.390,107.143,283.680,269.351,807.833,1601.862,390.823
16.400,107.140,283.606,269.355,807.946,1602.477,390.746
16.410,107.136,283.532,269.360,808.058,1603.091,390.668
16.420,107.132,283.458,269.364,808.170,1603.704,390.590
16.430,107.129,283.384,269.369,808.281,1604.315,390.513
16.440,107.125,283.309,269.374,808.392,1604.925,390.435
16.450,107.122,283.235,269.380,808.502,1605.533,390.357
16.460,107.118,283.160,269.385,808.611,1606.140,390.278
16.470,107.115,283.085,269.390,808.719,1606.746,390.200
16.480,107.111,283.010,269.396,808.827,1607.351,390.121
16.490,107.108,282.935,269.402,808.934,1607.954,390.043
16.500,107.104,282.860,269.408,809.041,1608.556,389.964
16.510,107.101,282.784,269.414,809.147,1609.157,389.885
16.520,107.098,282.709,269.420,809.252,1609.756,389.806
16.530,107.094,282.633,269.426,809.357,1610.354,389.727
16.540,107.091,282.557,269.432,809.460,1610.951,389.648
16.550,107.087,282.482,269.439,809.564,1611.546,389.569
16.560,107.084,282.406,269.446,809.666,1612.140,389.490
16.570,107.081,282.329,269.452,809.768,1612.733,389.410
16.580,107.077,282.253,269.459,809.869,1613.324,389.330
16.590,107.074,282.177,269.466,809.970,1613.914,389.251
16.600,107.071,282.100,269.474,810.070,1614.503,389.171
16.610,107.067,282.024,269.481,810.169,1615.090,389.091
16.620,107.064,281.947,269.489,810.267,1615.676,389.011
16.630,107.061,281.870,269.496,810.365,1616.261,388.931
16.640,107.057,281.793,269.504,810.462,1616.844,388.850
16.650,107.054,281.716,269.512,810.559,1617.426,388.770
16.660,107.051,281.639,269.520,810.655,1618.007,388.689
16.670,107.047,281.561,269.528,810.750,1618.586,388.609
16.680,107.044,281.484,269.536,810.845,1619.164,388.528
16.690,107.041,281.406,269.545,810.938,1619.741,388.447
16.700,107.038,281.328,269.553,811.032,1620.316,388.366
16.710,107.034,281.250,269.562,811.124,1620.890,388.285
16.720,107.031,281.172,269.571,811.216,1621.463,388.204
16.730,107.028,281.094,269.580,811.307,1622.034,388.122
16.740,107.025,281.016,269.589,811.398,1622.604,388.041
16.750,107.022,280.938,269.599,811.488,1623.173,387.959
16.760,107.018,280.859,269.608,811.577,1623.740,387.878
16.770,107.015,280.781,269.617,811.666,1624.306,387.796
16.780,107.012,280.702,269.627,811.754,1624.871,387.714
16.790,107.009,280.623,269.637,811.841,1625.434,387.632
16.800,107.006,280.544,269.647,811.928,1625.996,387.550
16.810,107.003,280.465,269.657,812.014,1626.557,387.468
16.820,107.000,280.386,269.667,812.099,1627.116,387.385
16.830,106.997,280.306,269.678,812.184,1627.674,387.303
16.840,106.993,280.227,269.688,812.268,1628.231,387.221
16.850,106.990,280.147,269.699,812.351,1628.786,387.138
16.860,106.987,280.068,269.709,812.434,1629.340,387.055
16.870,106.984,279.988,269.720,812.516,1629.893,386.972
16.880,106.981,279.908,269.731,812.598,1630.444,386.889
16.890,106.978,279.828,269.743,812.678,1630.994,386.806
16.900,106.975,279.748,269.754,812.758,1631.542,386.723
16.910,106.972,279.668,269.765,812.838,1632.090,386.640
16.920,106.969,279.587,269.777,812.917,1632.635,386.556
16.930,106.966,279.507,269.789,812.995,1633.180,386.473
16.940,106.963,279.426,269.800,813.072,1633.723,386.389
16.950,106.960,279.345,269.812,813.149,1634.265,386.306
16.960,106.957,279.265,269.825,813.225,1634.806,386.222
16.970,106.954,279.184,269.837,813.301,1635.345,386.138
16.980,106.951,279.103,269.849,813.376,1635.883,386.054
16.990,106.948,279.021,269.862,813.450,1636.419,385.970
17.000,106.945,278.940,269.874,813.524,1636.954,385.885
17.010,106.943,278.859,269.887,813.597,1637.488,385.801
17.020,106.940,278.777,269.900,813.669,1638.020,385.717
17.030,106.937,278.695,269.913,813.741,1638.552,385.632
17.040,106.934,278.614,269.926,813.812,1639.081,385.548
17.050,106.931,278.532,269.940,813.882,1639.610,385.463
17.060,106.928,278.450,269.953,813.952,1640.137,385.378
17.070,106.925,278.368,269.967,814.021,1640.663,385.293
17.080,106.922,278.286,269.980,814.089,1641.187,385.208
17.090,106.920,278.203,269.994,814.157,1641.710,385.123
17.100,106.917,278.121,270.008,814.224,1642.232,385.037
17.110,106.914,278.038,270.022,814.291,1642.752,384.952
17.120,106.911,277.956,270.036,814.357,1643.271,384.867
17.130,106.908,277.873,270.051,814.422,1643.789,384.781
17.140,106.905,277.790,270.065,814.486,1644.305,384.695
17.150,106.903,277.707,270.080,814.550,1644.820,384.610
17.160,106.900,277.624,270.095,814.613,1645.333,384.524
17.170,106.897,277.541,270.110,814.676,1645.846,384.438
17.180,106.894,277.457,270.125,814.738,1646.357,384.352
17.190,106.892,277.374,270.140,814.799,1646.866,384.266
17.200,106.889,277.290,270.155,814.860,1647.374,384.179
17.210,106.886,277.207,270.171,814.920,1647.881,384.093
17.220,106.883,277.123,270.186,814.980,1648.387,384.006
17.230,106.881,277.039,270.202,815.038,1648.891,383.920
17.240,106.878,276.955,270.218,815.096,1649.394,383.833
17.250,106.875,276.871,270.234,815.154,1649.895,383.747
17.260,106.873,276.787,270.250,815.211,1650.395,383.660
17.270,106.870,276.703,270.266,815.267,1650.894,383.573
17.280,106.867,276.618,270.282,815.323,1651.391,383.486
17.290,106.865,276.534,270.299,815.378,1651.887,383.399
17.300,106.862,276.449,270.316,815.432,1652.382,383.311
17.310,106.859,276.365,270.332,815.486,1652.875,383.224
17.320,106.857,276.280,270.349,815.539,1653.367,383.136
17.330,106.854,276.195,270.366,815.591,1653.858,383.049
17.340,106.851,276.110,270.383,815.643,1654.347,382.961
17.350,106.849,276.025,270.401,815.694,1654.835,382.874
17.360,106.846,275.940,270.418,815.744,1655.322,382.786
17.370,106.844,275.854,270.436,815.794,1655.807,382.698
17.380,106.841,275.769,270.453,815.844,1656.291,382.610
17.390,106.838,275.683,270.471,815.892,1656.773,382.522
17.400,106.836,275.598,270.489,815.940,1657.255,382.434
17.410,106.833,275.512,270.507,815.987,1657.734,382.345
17.420,106.831,275.426,270.525,816.034,1658.213,382.257
17.430,106.828,275.340,270.544,816.080,1658.690,382.168
17.440,106.826,275.254,270.562,816.126,1659.166,382.080
17.450,106.823,275.168,270.581,816.170,1659.640,381.991
17.460,106.821,275.082,270.599,816.215,1660.113,381.902
17.470,106.818,274.996,270.618,816.258,1660.585,381.814
17.480,106.816,274.909,270.637,816.301,1661.055,381.725
17.490,106.813,274.823,270.656,816.343,1661.524,381.636
17.500,106.811,274.736,270.676,816.385,1661.992,381.547
17.510,106.808,274.649,270.695,816.426,1662.458,381.457
17.520,106.806,274.562,270.714,816.467,1662.923,381.368
17.530,106.803,274.475,270.734,816.506,1663.387,381.279
17.540,106.801,274.388,270.754,816.545,1663.849,381.189
17.550,106.798,274.301,270.774,816.584,1664.310,381.100
17.560,106.796,274.214,270.794,816.622,1664.769,381.010
17.570,106.793,274.127,270.814,816.659,1665.227,380.920
17.580,106.791,274.039,270.834,816.696,1665.684,380.830
17.590,106.789,273.952,270.854,816.732,1666.139,380.740
17.600,106.786,273.864,270.875,816.767,1666.594,380.650
17.610,106.784,273.776,270.896,816.802,1667.046,380.560
17.620,106.781,273.689,270.916,816.836,1667.498,380.470
17.630,106.779,273.601,270.937,816.870,1667.948,380.380
17.640,106.777,273.513,270.958,816.903,1668.396,380.289
17.650,106.774,273.425,270.979,816.935,1668.844,380.199
17.660,106.772,273.336,271.001,816.967,1669.290,380.108
17.670,106.770,273.248,271.022,816.998,1669.734,380.018
17.680,106.767,273.160,271.044,817.028,1670.177,379.927
17.690,106.765,273.071,271.065,817.058,1670.619,379.836
17.700,106.763,272.983,271.087,817.087,1671.060,379.745
17.710,106.760,272.894,271.109,817.116,1671.499,379.654
17.720,106.758,272.805,271.131,817.144,1671.937,379.563
17.730,106.756,272.717,271.153,817.171,1672.373,379.472
17.740,106.753,272.628,271.175,817.198,1672.808,379.381
17.750,106.751,272.539,271.198,817.224,1673.242,379.290
17.760,106.749,272.449,271.220,817.249,1673.674,379.198
17.770,106.747,272.360,271.243,817.274,1674.106,379.107
17.780,106.744,272.271,271.266,817.298,1674.535,379.015
17.790,106.742,272.182,271.289,817.322,1674.964,378.924
17.800,106.740,272.092,271.312,817.345,1675.391,378.832
17.810,106.738,272.002,271.335,817.368,1675.816,378.740
17.820,106.735,271.913,271.358,817.389,1676.240,378.648
17.830,106.733,271.823,271.382,817.411,1676.663,378.556
17.840,106.731,271.733,271.405,817.431,1677.085,378.464
17.850,106.729,271.643,271.429,817.451,1677.505,378.372
17.860,106.726,271.553,271.453,817.470,1677.924,378.280
17.870,106.724,271.463,271.477,817.489,1678.341,378.187
17.880,106.722,271.373,271.501,817.507,1678.758,378.095
17.890,106.720,271.283,271.525,817.525,1679.172,378.003
17.900,106.718,271.192,271.549,817.542,1679.586,377.910
17.910,106.716,271.102,271.574,817.558,1679.998,377.817
17.920,106.713,271.011,271.598,817.574,1680.409,377.725
17.930,106.711,270.921,271.623,817.589,1680.818,377.632
17.940,106.709,270.830,271.648,817.603,1681.226,377.539
17.950,106.707,270.739,271.673,817.617,1681.633,377.446
17.960,106.705,270.648,271.698,817.630,1682.038,377.353
17.970,106.703,270.557,271.723,817.643,1682.442,377.260
17.980,106.701,270.466,271.748,817.655,1682.844,377.167
17.990,106.698,270.375,271.774,817.667,1683.246,377.073
18.000,106.696,270.284,271.799,817.677,1683.646,376.980
18.010,106.694,270.192,271.825,817.688,1684.044,376.887
18.020,106.692,270.101,271.851,817.697,1684.441,376.793
18.030,106.690,270.009,271.877,817.706,1684.837,376.700
18.040,106.688,269.918,271.903,817.715,1685.232,376.606
18.050,106.686,269.826,271.929,817.723,1685.625,376.512
18.060,106.684,269.734,271.955,817.730,1686.016,376.418
18.070,106.682,269.643,271.981,817.737,1686.407,376.324
18.080,106.680,269.551,272.008,817.743,1686.796,376.230
18.090,106.678,269.459,272.035,817.748,1687.184,376.136
18.100,106.676,269.367,272.061,817.753,1687.570,376.042
18.110,106.674,269.274,272.088,817.757,1687.955,375.948
18.120,106.672,269.182,272.115,817.761,1688.339,375.854
18.130,106.670,269.090,272.142,817.764,1688.721,375.760
18.140,106.668,268.997,272.170,817.766,1689.102,375.665
18.150,106.666,268.905,272.197,817.768,1689.481,375.571
18.160,106.664,268.812,272.224,817.769,1689.860,375.476
18.170,106.662,268.720,272.252,817.770,1690.236,375.381
18.180,106.660,268.627,272.280,817.770,1690.612,375.287
18.190,106.658,268.534,272.308,817.770,1690.986,375.192
18.200,106.656,268.441,272.336,817.768,1691.359,375.097
18.210,106.654,268.348,272.364,817.767,1691.730,375.002
18.220,106.652,268.255,272.392,817.764,1692.101,374.907
18.230,106.650,268.162,272.420,817.761,1692.469,374.812
18.240,106.648,268.069,272.449,817.758,1692.837,374.717
18.250,106.646,267.976,272.477,817.754,1693.203,374.622
18.260,106.644,267.882,272.506,817.749,1693.568,374.526
18.270,106.642,267.789,272.535,817.744,1693.931,374.431
18.280,106.640,267.695,272.564,817.738,1694.293,374.336
18.290,106.638,267.602,272.593,817.732,1694.654,374.240
18.300,106.636,267.508,272.622,817.725,1695.013,374.145
18.310,106.634,267.414,272.651,817.717,1695.371,374.049
18.320,106.633,267.321,272.681,817.709,1695.728,373.953
18.330,106.631,267.227,272.710,817.700,1696.083,373.857
18.340,106.629,267.133,272.740,817.691,1696.437,373.762
18.350,106.627,267.039,272.769,817.681,1696.789,373.666
18.360,106.625,266.945,272.799,817.670,1697.141,373.570
18.370,106.623,266.850,272.829,817.659,1697.491,373.474
18.380,106.621,266.756,272.859,817.647,1697.839,373.378
18.390,106.619,266.662,272.890,817.635,1698.186,373.281
18.400,106.618,266.567,272.920,817.622,1698.532,373.185
18.410,106.616,266.473,272.950,817.608,1698.877,373.089
18.420,106.614,266.378,272.981,817.594,1699.220,372.992
18.430,106.612,266.284,273.012,817.580,1699.562,372.896
18.440,106.610,266.189,273.043,817.565,1699.902,372.799
18.450,106.609,266.094,273.073,817.549,1700.241,372.703
18.460,106.607,265.999,273.104,817.532,1700.579,372.606
18.470,106.605,265.905,273.136,817.515,1700.915,372.509
18.480,106.603,265.810,273.167,817.498,1701.250,372.413
18.490,106.601,265.714,273.198,817.480,1701.584,372.316
18.500,106.600,265.619,273.230,817.461,1701.917,372.219
18.510,106.598,265.524,273.261,817.442,1702.248,372.122
18.520,106.596,265.429,273.293,817.422,1702.577,372.025
18.530,106.594,265.334,273.325,817.401,1702.906,371.928
18.540,106.592,265.238,273.357,817.380,1703.233,371.831
18.550,106.591,265.143,273.389,817.359,1703.558,371.733
18.560,106.589,265.047,273.421,817.337,1703.883,371.636
18.570,106.587,264.951,273.454,817.314,1704.206,371.539
18.580,106.585,264.856,273.486,817.291,1704.527,371.441
18.590,106.584,264.760,273.519,817.267,1704.848,371.344
18.600,106.582,264.664,273.551,817.242,1705.166,371.246
18.610,106.580,264.568,273.584,817.217,1705.484,371.149
18.620,106.579,264.472,273.617,817.192,1705.800,371.051
18.630,106.577,264.376,273.650,817.166,1706.115,370.953
18.640,106.575,264.280,273.683,817.139,1706.429,370.855
18.650,106.573,264.184,273.716,817.112,1706.741,370.757
18.660,106.572,264.088,273.749,817.084,1707.052,370.660
18.670,106.570,263.992,273.783,817.055,1707.362,370.562
18.680,106.568,263.895,273.816,817.026,1707.670,370.464
18.690,106.567,263.799,273.850,816.997,1707.977,370.365
18.700,106.565,263.702,273.884,816.967,1708.282,370.267
18.710,106.563,263.606,273.918,816.936,1708.587,370.169
18.720,106.562,263.509,273.952,816.905,1708.889,370.071
18.730,106.560,263.412,273.986,816.873,1709.191,369.972
18.740,106.558,263.316,274.020,816.840,1709.491,369.874
18.750,106.557,263.219,274.054,816.808,1709.790,369.776
18.760,106.555,263.122,274.089,816.774,1710.088,369.677
18.770,106.554,263.025,274.123,816.740,1710.384,369.578
18.780,106.552,262.928,274.158,816.705,1710.679,369.480
18.790,106.550,262.831,274.193,816.670,1710.972,369.381
18.800,106.549,262.734,274.228,816.634,1711.264,369.282
18.810,106.547,262.637,274.263,816.598,1711.555,369.184
18.820,106.545,262.539,274.298,816.561,1711.845,369.085
18.830,106.544,262.442,274.333,816.524,1712.133,368.986
18.840,106.542,262.345,274.368,816.486,1712.420,368.887
18.850,106.541,262.247,274.404,816.447,1712.705,368.788
18.860,106.539,262.150,274.439,816.408,1712.990,368.689
18.870,106.537,262.052,274.475,816.368,1713.272,368.590
18.880,106.536,261.955,274.511,816.328,1713.554,368.490
18.890,106.534,261.857,274.547,816.287,1713.834,368.391
18.900,106.533,261.759,274.583,816.246,1714.113,368.292
18.910,106.531,261.661,274.619,816.204,1714.391,368.193
18.920,106.530,261.563,274.655,816.162,1714.667,368.093
18.930,106.528,261.466,274.691,816.119,1714.942,367.994
18.940,106.527,261.368,274.728,816.075,1715.215,367.894
18.950,106.525,261.270,274.764,816.031,1715.487,367.795
18.960,106.524,261.171,274.801,815.986,1715.758,367.695
18.970,106.522,261.073,274.838,815.941,1716.028,367.595
18.980,106.520,260.975,274.874,815.895,1716.296,367.496
18.990,106.519,260.877,274.911,815.849,1716.563,367.396
19.000,106.517,260.779,274.948,815.802,1716.829,367.296
19.010,106.516,260.680,274.986,815.755,1717.093,367.196
19.020,106.514,260.582,275.023,815.707,1717.356,367.096
19.030,106.513,260.483,275.060,815.658,1717.617,366.996
19.040,106.511,260.385,275.098,815.609,1717.878,366.896
19.050,106.510,260.286,275.135,815.560,1718.137,366.796
19.060,106.508,260.187,275.173,815.510,1718.394,366.696
19.070,106.507,260.089,275.211,815.459,1718.651,366.596
19.080,106.506,259.990,275.249,815.408,1718.906,366.495
19.090,106.504,259.891,275.287,815.356,1719.159,366.395
19.100,106.503,259.792,275.325,815.304,1719.412,366.295
19.110,106.501,259.693,275.363,815.251,1719.663,366.194
19.120,106.500,259.594,275.401,815.198,1719.912,366.094
19.130,106.498,259.495,275.440,815.144,1720.161,365.994
19.140,106.497,259.396,275.478,815.089,1720.408,365.893
19.150,106.495,259.297,275.517,815.034,1720.653,365.792
19.160,106.494,259.198,275.556,814.979,1720.898,365.692
19.170,106.492,259.099,275.594,814.922,1721.141,365.591
19.180,106.491,258.999,275.633,814.866,1721.383,365.490
19.190,106.490,258.900,275.672,814.809,1721.623,365.390
19.200,106.488,258.801,275.712,814.751,1721.862,365.289
19.210,106.487,258.701,275.751,814.693,1722.100,365.188
19.220,106.485,258.602,275.790,814.634,1722.337,365.087
19.230,106.484,258.502,275.830,814.575,1722.572,364.986
19.240,106.483,258.403,275.869,814.515,1722.806,364.885
19.250,106.481,258.303,275.909,814.454,1723.038,364.784
19.260,106.480,258.203,275.949,814.394,1723.270,364.683
19.270,106.478,258.103,275.989,814.332,1723.499,364.582
19.280,106.477,258.004,276.028,814.270,1723.728,364.481
19.290,106.476,257.904,276.069,814.208,1723.955,364.379
19.300,106.474,257.804,276.109,814.145,1724.181,364.278
19.310,106.473,257.704,276.149,814.081,1724.406,364.177
19.320,106.472,257.604,276.189,814.017,1724.629,364.076
19.330,106.470,257.504,276.230,813.952,1724.852,363.974
19.340,106.469,257.404,276.270,813.887,1725.072,363.873
19.350,106.468,257.304,276.311,813.822,1725.292,363.771
19.360,106.466,257.203,276.352,813.755,1725.510,363.670
19.370,106.465,257.103,276.393,813.689,1725.727,363.568
19.380,106.464,257.003,276.434,813.621,1725.942,363.466
19.390,106.462,256.903,276.475,813.554,1726.156,363.365
19.400,106.461,256.802,276.516,813.485,1726.369,363.263
19.410,106.460,256.702,276.557,813.417,1726.581,363.161
19.420,106.458,256.601,276.598,813.347,1726.791,363.060
19.430,106.457,256.501,276.640,813.277,1727.000,362.958
19.440,106.456,256.400,276.681,813.207,1727.208,362.856
19.450,106.454,256.300,276.723,813.136,1727.414,362.754
19.460,106.453,256.199,276.765,813.065,1727.619,362.652
19.470,106.452,256.098,276.807,812.993,1727.823,362.550
19.480,106.450,255.998,276.849,812.920,1728.026,362.448
19.490,106.449,255.897,276.891,812.847,1728.227,362.346
19.500,106.448,255.796,276.933,812.774,1728.427,362.244
19.510,106.447,255.695,276.975,812.700,1728.625,362.142
19.520,106.445,255.594,277.017,812.625,1728.823,362.040
19.530,106.444,255.493,277.060,812.550,1729.019,361.937
19.540,106.443,255.392,277.102,812.475,1729.213,361.835
19.550,106.441,255.291,277.145,812.398,1729.407,361.733
19.560,106.440,255.190,277.188,812.322,1729.599,361.631
19.570,106.439,255.089,277.230,812.245,1729.790,361.528
19.580,106.438,254.988,277.273,812.167,1729.979,361.426
19.590,106.436,254.887,277.316,812.089,1730.167,361.323
19.600,106.435,254.786,277.359,812.010,1730.354,361.221
19.610,106.434,254.684,277.403,811.931,1730.540,361.118
19.620,106.433,254.583,277.446,811.852,1730.724,361.016
19.630,106.432,254.482,277.489,811.771,1730.907,360.913
19.640,106.430,254.380,277.533,811.691,1731.089,360.811
19.650,106.429,254.279,277.576,811.609,1731.269,360.708
19.660,106.428,254.177,277.620,811.528,1731.448,360.605
19.670,106.427,254.076,277.664,811.446,1731.626,360.503
19.680,106.425,253.974,277.707,811.363,1731.803,360.400
19.690,106.424,253.873,277.751,811.280,1731.978,360.297
19.700,106.423,253.771,277.795,811.196,1732.152,360.194
19.710,106.422,253.670,277.840,811.112,1732.325,360.091
19.720,106.421,253.568,277.884,811.027,1732.496,359.989
19.730,106.419,253.466,277.928,810.942,1732.666,359.886
19.740,106.418,253.364,277.972,810.856,1732.835,359.783
19.750,106.417,253.263,278.017,810.770,1733.003,359.680
19.760,106.416,253.161,278.061,810.683,1733.169,359.577
19.770,106.415,253.059,278.106,810.596,1733.334,359.474
19.780,106.414,252.957,278.151,810.508,1733.498,359.371
19.790,106.412,252.855,278.196,810.420,1733.660,359.267
19.800,106.411,252.753,278.241,810.331,1733.821,359.164
19.810,106.410,252.651,278.286,810.242,1733.981,359.061
19.820,106.409,252.549,278.331,810.152,1734.140,358.958
19.830,106.408,252.447,278.376,810.062,1734.297,358.855
19.840,106.407,252.345,278.421,809.971,1734.453,358.751
19.850,106.406,252.243,278.467,809.880,1734.608,358.648
19.860,106.404,252.140,278.512,809.788,1734.761,358.545
19.870,106.403,252.038,278.558,809.696,1734.913,358.441
19.880,106.402,251.936,278.603,809.603,1735.064,358.338
19.890,106.401,251.834,278.649,809.510,1735.214,358.235
19.900,106.400,251.731,278.695,809.416,1735.362,358.131
19.910,106.399,251.629,278.741,809.322,1735.509,358.028
19.920,106.398,251.527,278.787,809.228,1735.655,357.924
19.930,106.397,251.424,278.833,809.132,1735.800,357.821
19.940,106.395,251.322,278.879,809.037,1735.943,357.717
19.950,106.394,251.219,278.925,808.941,1736.085,357.614
19.960,106.393,251.117,278.972,808.844,1736.226,357.510
19.970,106.392,251.014,279.018,808.747,1736.365,357.406
19.980,106.391,250.912,279.064,808.649,1736.503,357.303
19.990,106.390,250.809,279.111,808.551,1736.640,357.199
20.000,106.389,250.706,279.158,808.453,1736.776,357.095
20.010,106.388,250.604,279.204,808.354,1736.910,356.991
20.020,106.387,250.501,279.251,808.254,1737.043,356.888
20.030,106.386,250.398,279.298,808.154,1737.175,356.784
20.040,106.385,250.296,279.345,808.054,1737.306,356.680
20.050,106.383,250.193,279.392,807.953,1737.435,356.576
20.060,106.382,250.090,279.440,807.851,1737.563,356.472
20.070,106.381,249.987,279.487,807.749,1737.690,356.368
20.080,106.380,249.884,279.534,807.647,1737.816,356.265
20.090,106.379,249.781,279.582,807.544,1737.940,356.161
20.100,106.378,249.678,279.629,807.441,1738.063,356.057
20.110,106.377,249.576,279.677,807.337,1738.185,355.953
20.120,106.376,249.473,279.724,807.232,1738.305,355.849
20.130,106.375,249.370,279.772,807.128,1738.424,355.745
20.140,106.374,249.267,279.820,807.022,1738.542,355.641
20.150,106.373,249.163,279.868,806.917,1738.659,355.536
20.160,106.372,249.060,279.916,806.810,1738.775,355.432
20.170,106.371,248.957,279.964,806.704,1738.889,355.328
20.180,106.370,248.854,280.012,806.596,1739.002,355.224
20.190,106.369,248.751,280.061,806.489,1739.113,355.120
20.200,106.368,248.648,280.109,806.381,1739.224,355.016
20.210,106.367,248.545,280.157,806.272,1739.333,354.912
20.220,106.366,248.441,280.206,806.163,1739.441,354.807
20.230,106.365,248.338,280.254,806.054,1739.548,354.703
20.240,106.364,248.235,280.303,805.944,1739.653,354.599
20.250,106.363,248.132,280.352,805.833,1739.757,354.494
20.260,106.362,248.028,280.401,805.722,1739.860,354.390
20.270,106.361,247.925,280.450,805.611,1739.962,354.286
20.280,106.360,247.822,280.499,805.499,1740.062,354.181
20.290,106.359,247.718,280.548,805.386,1740.162,354.077
20.300,106.358,247.615,280.597,805.274,1740.260,353.973
20.310,106.357,247.511,280.646,805.160,1740.356,353.868
20.320,106.356,247.408,280.695,805.047,1740.452,353.764
20.330,106.355,247.304,280.745,804.933,1740.546,353.659
20.340,106.354,247.201,280.794,804.818,1740.639,353.555
20.350,106.353,247.097,280.844,804.703,1740.731,353.450
20.360,106.352,246.994,280.893,804.587,1740.821,353.346
20.370,106.351,246.890,280.943,804.471,1740.911,353.241
20.380,106.350,246.787,280.993,804.355,1740.999,353.137
20.390,106.349,246.683,281.042,804.238,1741.086,353.032
20.400,106.348,246.580,281.092,804.120,1741.171,352.928
20.410,106.347,246.476,281.142,804.002,1741.255,352.823
20.420,106.346,246.372,281.192,803.884,1741.339,352.719
20.430,106.345,246.269,281.242,803.765,1741.420,352.614
20.440,106.344,246.165,281.293,803.646,1741.501,352.509
20.450,106.343,246.061,281.343,803.526,1741.580,352.405
20.460,106.343,245.958,281.393,803.406,1741.659,352.300
20.470,106.342,245.854,281.444,803.286,1741.736,352.195
20.480,106.341,245.750,281.494,803.165,1741.811,352.091
20.490,106.340,245.646,281.545,803.043,1741.886,351.986
20.500,106.339,245.542,281.595,802.921,1741.959,351.881
20.510,106.338,245.439,281.646,802.799,1742.031,351.777
20.520,106.337,245.335,281.697,802.676,1742.102,351.672
20.530,106.336,245.231,281.748,802.553,1742.171,351.567
20.540,106.335,245.127,281.799,802.429,1742.240,351.462
20.550,106.334,245.023,281.850,802.305,1742.307,351.358
20.560,106.333,244.919,281.901,802.180,1742.373,351.253
20.570,106.332,244.815,281.952,802.055,1742.437,351.148
20.580,106.332,244.711,282.003,801.929,1742.501,351.043
20.590,106.331,244.608,282.055,801.803,1742.563,350.938
20.600,106.330,244.504,282.106,801.677,1742.624,350.833
20.610,106.329,244.400,282.157,801.550,1742.684,350.729
20.620,106.328,244.296,282.209,801.423,1742.743,350.624
20.630,106.327,244.192,282.261,801.295,1742.800,350.519
20.640,106.326,244.088,282.312,801.167,1742.856,350.414
20.650,106.325,243.984,282.364,801.038,1742.911,350.309
20.660,106.325,243.880,282.416,800.909,1742.965,350.204
20.670,106.324,243.776,282.468,800.780,1743.017,350.099
20.680,106.323,243.671,282.520,800.650,1743.069,349.994
20.690,106.322,243.567,282.572,800.519,1743.119,349.889
20.700,106.321,243.463,282.624,800.389,1743.167,349.784
20.710,106.320,243.359,282.676,800.257,1743.215,349.679
20.720,106.319,243.255,282.728,800.126,1743.262,349.574
20.730,106.318,243.151,282.780,799.994,1743.307,349.469
20.740,106.318,243.047,282.833,799.861,1743.351,349.365
20.750,106.317,242.943,282.885,799.728,1743.394,349.260
20.760,106.316,242.839,282.937,799.595,1743.435,349.155
20.770,106.315,242.734,282.990,799.461,1743.476,349.050
20.780,106.314,242.630,283.043,799.326,1743.515,348.945
20.790,106.313,242.526,283.095,799.192,1743.553,348.840
20.800,106.313,242.422,283.148,799.057,1743.590,348.734
20.810,106.312,242.318,283.201,798.921,1743.625,348.629
20.820,106.311,242.213,283.254,798.785,1743.660,348.524
20.830,106.310,242.109,283.307,798.648,1743.693,348.419
20.840,106.309,242.005,283.360,798.512,1743.725,348.314
20.850,106.308,241.901,283.413,798.374,1743.756,348.209
20.860,106.308,241.797,283.466,798.237,1743.786,348.104
20.870,106.307,241.692,283.519,798.098,1743.814,347.999
20.880,106.306,241.588,283.572,797.960,1743.841,347.894
20.890,106.305,241.484,283.626,797.821,1743.867,347.789
20.900,106.304,241.380,283.679,797.682,1743.892,347.684
20.910,106.304,241.275,283.733,797.542,1743.916,347.579
20.920,106.303,241.171,283.786,797.401,1743.938,347.474
20.930,106.302,241.067,283.840,797.261,1743.960,347.369
20.940,106.301,240.962,283.893,797.120,1743.980,347.264
20.950,106.300,240.858,283.947,796.978,1743.999,347.158
20.960,106.300,240.754,284.001,796.836,1744.016,347.053
20.970,106.299,240.649,284.055,796.694,1744.033,346.948
20.980,106.298,240.545,284.108,796.551,1744.048,346.843
20.990,106.297,240.441,284.162,796.408,1744.063,346.738
21.000,106.296,240.336,284.216,796.264,1744.076,346.633
